"","features","metric","seed"
"1","OverTime,MonthlyIncome_L,MonthlyIncome,TotalWorkingYears,StockOptionLevel,JobLevel,YearsAtCompany,YearsInCurrentRole,JobInvolvement,YearsWithCurrManager,Age,JobSatisfaction,EducationField,DistanceFromHome_L,DistanceFromHome,WorkLifeBalance,JobRole,ID,EnvironmentSatisfaction,TrainingTimesLastYear,Department,HourlyRate,DailyRate,HourlyRateLog_L,DailyRateLog_L,EmployeeNumber,MonthlyRate,MonthlyRate_L,MaritalStatus,BusinessTravel,NumCompaniesWorked,YearsSinceLastPromotion,Education,PerformanceRating,PercentSalaryHike,PercentSalaryHike_L,RelationshipSatisfaction,Gender","Accuracy",1
"2","OverTime,MonthlyIncome_L,MonthlyIncome,TotalWorkingYears,StockOptionLevel,JobLevel,YearsInCurrentRole,YearsAtCompany,JobInvolvement,YearsWithCurrManager,Age,JobSatisfaction,EducationField,DistanceFromHome_L,DistanceFromHome,WorkLifeBalance,JobRole,EnvironmentSatisfaction,ID,Department,TrainingTimesLastYear,HourlyRate,HourlyRateLog_L,DailyRate,DailyRateLog_L,EmployeeNumber,MonthlyRate,MonthlyRate_L,MaritalStatus,BusinessTravel,NumCompaniesWorked,YearsSinceLastPromotion,Education,PercentSalaryHike,PercentSalaryHike_L,PerformanceRating,RelationshipSatisfaction,Gender","Kappa",1
"3","OverTime,TotalWorkingYears,StockOptionLevel","Accuracy",2
"4","OverTime,TotalWorkingYears,StockOptionLevel,YearsAtCompany,MonthlyIncome_L,MonthlyIncome,JobLevel,JobInvolvement,Age,YearsWithCurrManager,YearsInCurrentRole,JobSatisfaction,WorkLifeBalance,DistanceFromHome_L,DistanceFromHome,JobRole,EducationField","Kappa",2
"5","OverTime,YearsAtCompany,TotalWorkingYears,MonthlyIncome_L,MonthlyIncome,YearsInCurrentRole,JobLevel,YearsWithCurrManager,StockOptionLevel,Age,JobInvolvement,JobSatisfaction,WorkLifeBalance,Department,DistanceFromHome,EmployeeNumber,MonthlyRate_L,MonthlyRate,EducationField,DistanceFromHome_L,TrainingTimesLastYear,NumCompaniesWorked,DailyRate,DailyRateLog_L,Education,JobRole,Gender,RelationshipSatisfaction,HourlyRate,HourlyRateLog_L,EnvironmentSatisfaction,BusinessTravel,YearsSinceLastPromotion,MaritalStatus,PercentSalaryHike,PercentSalaryHike_L,ID,PerformanceRating","Accuracy",3
"6","OverTime,YearsAtCompany,TotalWorkingYears,MonthlyIncome_L,MonthlyIncome,YearsInCurrentRole,JobLevel,YearsWithCurrManager,StockOptionLevel,Age,JobInvolvement,Department,WorkLifeBalance,JobSatisfaction,DailyRate,DailyRateLog_L,MonthlyRate,MonthlyRate_L,NumCompaniesWorked,DistanceFromHome,TrainingTimesLastYear,DistanceFromHome_L,EducationField,EmployeeNumber,JobRole,Education,Gender,RelationshipSatisfaction,HourlyRate,HourlyRateLog_L,EnvironmentSatisfaction,BusinessTravel,YearsSinceLastPromotion,MaritalStatus,PercentSalaryHike,PercentSalaryHike_L,ID,PerformanceRating","Kappa",3
"7","OverTime,TotalWorkingYears,MonthlyIncome_L,MonthlyIncome,StockOptionLevel,YearsInCurrentRole,YearsAtCompany,Age,YearsWithCurrManager,JobLevel,JobInvolvement,JobSatisfaction,EnvironmentSatisfaction,WorkLifeBalance,Department,ID,DistanceFromHome_L,DistanceFromHome,RelationshipSatisfaction,Education,JobRole,EducationField,TrainingTimesLastYear,Gender,HourlyRate,HourlyRateLog_L,MonthlyRate,MonthlyRate_L,MaritalStatus,DailyRate,DailyRateLog_L,NumCompaniesWorked,YearsSinceLastPromotion,PercentSalaryHike,PercentSalaryHike_L,EmployeeNumber,BusinessTravel,PerformanceRating","Accuracy",4
"8","OverTime,TotalWorkingYears,MonthlyIncome_L,MonthlyIncome,StockOptionLevel,YearsInCurrentRole,YearsAtCompany,Age,YearsWithCurrManager,JobLevel,JobInvolvement,JobSatisfaction,EnvironmentSatisfaction,Department","Kappa",4
"9","OverTime,TotalWorkingYears,MonthlyIncome_L","Accuracy",5
"10","OverTime,TotalWorkingYears,MonthlyIncome_L,MonthlyIncome,YearsAtCompany,StockOptionLevel,YearsInCurrentRole,JobLevel,YearsWithCurrManager,Age,JobInvolvement,JobSatisfaction,DistanceFromHome_L,DistanceFromHome,Department,EmployeeNumber,Education,JobRole,TrainingTimesLastYear,WorkLifeBalance,NumCompaniesWorked,MonthlyRate,ID,MonthlyRate_L,HourlyRate,HourlyRateLog_L,EducationField,MaritalStatus,YearsSinceLastPromotion,DailyRate,DailyRateLog_L,EnvironmentSatisfaction,RelationshipSatisfaction,PercentSalaryHike,PercentSalaryHike_L,PerformanceRating,Gender,BusinessTravel","Kappa",5
"11","TotalWorkingYears,StockOptionLevel,OverTime,YearsAtCompany,MonthlyIncome_L,MonthlyIncome,YearsInCurrentRole,JobLevel,Age,JobInvolvement,YearsWithCurrManager,Department,JobSatisfaction,DistanceFromHome_L,DistanceFromHome,EnvironmentSatisfaction,EducationField,WorkLifeBalance,Education,YearsSinceLastPromotion,JobRole,MonthlyRate,MonthlyRate_L,NumCompaniesWorked,DailyRate,DailyRateLog_L,ID,HourlyRate,HourlyRateLog_L,TrainingTimesLastYear,RelationshipSatisfaction,BusinessTravel,EmployeeNumber,Gender,PerformanceRating,PercentSalaryHike,PercentSalaryHike_L,MaritalStatus","Accuracy",6
"12","TotalWorkingYears,StockOptionLevel,OverTime,YearsAtCompany,MonthlyIncome_L,MonthlyIncome,YearsInCurrentRole,JobLevel,Age,JobInvolvement,YearsWithCurrManager,Department,JobSatisfaction,DistanceFromHome_L,DistanceFromHome,EnvironmentSatisfaction,EducationField,WorkLifeBalance,Education,YearsSinceLastPromotion,MonthlyRate,JobRole,MonthlyRate_L,NumCompaniesWorked,DailyRate,DailyRateLog_L,ID,HourlyRate,HourlyRateLog_L,TrainingTimesLastYear,EmployeeNumber,RelationshipSatisfaction,BusinessTravel,Gender,PerformanceRating,PercentSalaryHike,PercentSalaryHike_L,MaritalStatus","Kappa",6
"13","TotalWorkingYears,MonthlyIncome_L,MonthlyIncome,OverTime,JobLevel,YearsAtCompany,YearsInCurrentRole,StockOptionLevel,Age,YearsWithCurrManager,JobInvolvement,EnvironmentSatisfaction,Department,JobSatisfaction,WorkLifeBalance,Education,DistanceFromHome_L,DistanceFromHome,JobRole,MonthlyRate,EducationField,Gender,MonthlyRate_L,HourlyRate,HourlyRateLog_L,DailyRate,DailyRateLog_L,ID,RelationshipSatisfaction,TrainingTimesLastYear,YearsSinceLastPromotion,EmployeeNumber,NumCompaniesWorked,BusinessTravel,MaritalStatus,PercentSalaryHike,PercentSalaryHike_L,PerformanceRating","Accuracy",7
"14","TotalWorkingYears,MonthlyIncome_L,MonthlyIncome,OverTime,JobLevel,YearsAtCompany,YearsInCurrentRole,StockOptionLevel,Age,YearsWithCurrManager,JobInvolvement,EnvironmentSatisfaction,Department,JobSatisfaction","Kappa",7
"15","MonthlyIncome,MonthlyIncome_L,OverTime","Accuracy",8
"16","MonthlyIncome_L,MonthlyIncome,OverTime,TotalWorkingYears,JobLevel,YearsInCurrentRole,StockOptionLevel,YearsAtCompany,JobInvolvement,YearsWithCurrManager,Age,JobSatisfaction,DistanceFromHome_L,DistanceFromHome,EnvironmentSatisfaction,Education,NumCompaniesWorked,Department,MonthlyRate,MonthlyRate_L,EducationField,JobRole,ID,DailyRate,DailyRateLog_L,YearsSinceLastPromotion,TrainingTimesLastYear,WorkLifeBalance,RelationshipSatisfaction,HourlyRate,HourlyRateLog_L,BusinessTravel,PercentSalaryHike,PercentSalaryHike_L,EmployeeNumber,MaritalStatus,Gender,PerformanceRating","Kappa",8
"17","OverTime,TotalWorkingYears,MonthlyIncome_L,MonthlyIncome","Accuracy",9
"18","OverTime,TotalWorkingYears,MonthlyIncome_L,MonthlyIncome,StockOptionLevel,JobLevel,Age,YearsAtCompany,YearsInCurrentRole,YearsWithCurrManager,JobInvolvement,JobSatisfaction,EnvironmentSatisfaction,JobRole,WorkLifeBalance,TrainingTimesLastYear,Education,EducationField,Department,DistanceFromHome,DistanceFromHome_L,NumCompaniesWorked,ID,EmployeeNumber,RelationshipSatisfaction,HourlyRate,HourlyRateLog_L,DailyRate,DailyRateLog_L,YearsSinceLastPromotion,MaritalStatus,PerformanceRating,MonthlyRate,MonthlyRate_L,PercentSalaryHike,PercentSalaryHike_L,BusinessTravel,Gender","Kappa",9
"19","MonthlyIncome_L,MonthlyIncome,TotalWorkingYears,YearsAtCompany,YearsInCurrentRole,OverTime,YearsWithCurrManager,JobLevel,StockOptionLevel,Age,JobInvolvement,DistanceFromHome_L,DistanceFromHome,JobRole,JobSatisfaction,ID,Department,WorkLifeBalance,EducationField,TrainingTimesLastYear,Education,HourlyRate,HourlyRateLog_L,NumCompaniesWorked,MonthlyRate,MonthlyRate_L,BusinessTravel,EnvironmentSatisfaction,Gender,DailyRate,DailyRateLog_L,EmployeeNumber,MaritalStatus,RelationshipSatisfaction,PercentSalaryHike,PercentSalaryHike_L,YearsSinceLastPromotion,PerformanceRating","Accuracy",10
"20","MonthlyIncome_L,MonthlyIncome,TotalWorkingYears,YearsAtCompany,YearsInCurrentRole,OverTime,JobLevel,YearsWithCurrManager,StockOptionLevel,Age,JobInvolvement,DistanceFromHome_L,DistanceFromHome,JobRole,JobSatisfaction,ID,Department,WorkLifeBalance,EducationField,TrainingTimesLastYear,Education,HourlyRate,HourlyRateLog_L,NumCompaniesWorked,MonthlyRate,MonthlyRate_L,BusinessTravel,EnvironmentSatisfaction,Gender,DailyRate,DailyRateLog_L,EmployeeNumber,RelationshipSatisfaction,PercentSalaryHike,PercentSalaryHike_L,MaritalStatus,YearsSinceLastPromotion,PerformanceRating","Kappa",10
"21","OverTime,MonthlyIncome_L,MonthlyIncome,YearsAtCompany,TotalWorkingYears,StockOptionLevel,YearsInCurrentRole,JobLevel,YearsWithCurrManager,Age,JobInvolvement,JobSatisfaction,DistanceFromHome_L,DistanceFromHome,Department,ID,WorkLifeBalance,NumCompaniesWorked,MonthlyRate,MonthlyRate_L,JobRole,HourlyRate,HourlyRateLog_L,TrainingTimesLastYear,EducationField,RelationshipSatisfaction,EnvironmentSatisfaction,Education,YearsSinceLastPromotion,BusinessTravel,PerformanceRating,Gender,MaritalStatus,EmployeeNumber,DailyRate,DailyRateLog_L,PercentSalaryHike,PercentSalaryHike_L","Accuracy",11
"22","OverTime,MonthlyIncome_L,MonthlyIncome,YearsAtCompany,TotalWorkingYears,StockOptionLevel,YearsInCurrentRole,JobLevel,YearsWithCurrManager,Age,JobInvolvement,JobSatisfaction,Department,DistanceFromHome_L,DistanceFromHome,NumCompaniesWorked,ID,WorkLifeBalance,MonthlyRate,MonthlyRate_L,RelationshipSatisfaction,JobRole,HourlyRate,HourlyRateLog_L,TrainingTimesLastYear,EducationField,EnvironmentSatisfaction,Education,YearsSinceLastPromotion,BusinessTravel,PerformanceRating,Gender,PercentSalaryHike,PercentSalaryHike_L,DailyRate,DailyRateLog_L,MaritalStatus,EmployeeNumber","Kappa",11
"23","OverTime,MonthlyIncome_L,MonthlyIncome,StockOptionLevel,TotalWorkingYears,YearsAtCompany,JobInvolvement,JobLevel,YearsInCurrentRole,YearsWithCurrManager,Age,JobSatisfaction,EnvironmentSatisfaction,Department,DistanceFromHome_L,DistanceFromHome,WorkLifeBalance,JobRole,NumCompaniesWorked,TrainingTimesLastYear,Education,RelationshipSatisfaction,MonthlyRate,MonthlyRate_L,ID,HourlyRate,HourlyRateLog_L,Gender,DailyRate,DailyRateLog_L,YearsSinceLastPromotion,EducationField,EmployeeNumber,MaritalStatus,PerformanceRating,PercentSalaryHike,PercentSalaryHike_L,BusinessTravel","Accuracy",12
"24","OverTime,MonthlyIncome_L,MonthlyIncome,StockOptionLevel,TotalWorkingYears,YearsAtCompany,JobInvolvement,JobLevel,YearsInCurrentRole,YearsWithCurrManager,Age,JobSatisfaction,EnvironmentSatisfaction,Department,DistanceFromHome_L,DistanceFromHome,NumCompaniesWorked,WorkLifeBalance,JobRole,TrainingTimesLastYear,Education,RelationshipSatisfaction,MonthlyRate,MonthlyRate_L,HourlyRate,ID,HourlyRateLog_L,Gender,DailyRate,DailyRateLog_L,YearsSinceLastPromotion,EducationField,EmployeeNumber,MaritalStatus,PerformanceRating,PercentSalaryHike,PercentSalaryHike_L,BusinessTravel","Kappa",12
"25","OverTime,StockOptionLevel,MonthlyIncome_L","Accuracy",13
"26","OverTime,StockOptionLevel,MonthlyIncome_L,MonthlyIncome,YearsInCurrentRole,TotalWorkingYears,JobLevel,YearsAtCompany,JobInvolvement,Age,YearsWithCurrManager,JobSatisfaction,EnvironmentSatisfaction,TrainingTimesLastYear,DistanceFromHome_L,DistanceFromHome,JobRole,Department,ID,WorkLifeBalance,NumCompaniesWorked,DailyRate,Education,DailyRateLog_L,EmployeeNumber,MonthlyRate,MonthlyRate_L,BusinessTravel,EducationField,MaritalStatus,HourlyRate,HourlyRateLog_L,RelationshipSatisfaction,YearsSinceLastPromotion,PercentSalaryHike,PercentSalaryHike_L,Gender,PerformanceRating","Kappa",13
"27","MonthlyIncome_L,MonthlyIncome,OverTime,StockOptionLevel","Accuracy",14
"28","MonthlyIncome_L,MonthlyIncome,OverTime,StockOptionLevel,JobLevel,TotalWorkingYears,Age,YearsAtCompany,YearsInCurrentRole,JobInvolvement,YearsWithCurrManager,MonthlyRate_L,MonthlyRate,JobSatisfaction,EnvironmentSatisfaction,JobRole,DistanceFromHome_L,DistanceFromHome,Education,Department,DailyRate,DailyRateLog_L,WorkLifeBalance,HourlyRate,HourlyRateLog_L,ID,EducationField,EmployeeNumber,BusinessTravel,TrainingTimesLastYear,NumCompaniesWorked,MaritalStatus,PerformanceRating,YearsSinceLastPromotion,Gender,RelationshipSatisfaction,PercentSalaryHike,PercentSalaryHike_L","Kappa",14
"29","OverTime,MonthlyIncome_L,MonthlyIncome,TotalWorkingYears,YearsAtCompany,JobLevel,StockOptionLevel,YearsInCurrentRole,Age,YearsWithCurrManager,JobInvolvement,JobSatisfaction,WorkLifeBalance,DistanceFromHome_L,DistanceFromHome,EducationField,JobRole,ID,Department,DailyRate,DailyRateLog_L,RelationshipSatisfaction,MonthlyRate,TrainingTimesLastYear,MonthlyRate_L,EmployeeNumber,MaritalStatus,Gender,Education,YearsSinceLastPromotion,EnvironmentSatisfaction,NumCompaniesWorked,HourlyRate,HourlyRateLog_L,PercentSalaryHike,PercentSalaryHike_L,BusinessTravel,PerformanceRating","Accuracy",15
"30","OverTime,MonthlyIncome_L,MonthlyIncome,TotalWorkingYears,YearsAtCompany,StockOptionLevel,JobLevel,YearsInCurrentRole,Age,YearsWithCurrManager,JobInvolvement,JobSatisfaction,WorkLifeBalance,DistanceFromHome_L,DistanceFromHome,JobRole,ID,EducationField,DailyRate,DailyRateLog_L,Department,MonthlyRate,RelationshipSatisfaction,MonthlyRate_L,TrainingTimesLastYear,EmployeeNumber,Gender,MaritalStatus,Education,YearsSinceLastPromotion,EnvironmentSatisfaction,NumCompaniesWorked,HourlyRate,HourlyRateLog_L,PercentSalaryHike,PercentSalaryHike_L,BusinessTravel,PerformanceRating","Kappa",15
"31","OverTime,StockOptionLevel,YearsInCurrentRole,YearsAtCompany,TotalWorkingYears,MonthlyIncome_L,MonthlyIncome,JobInvolvement,Age,JobLevel,YearsWithCurrManager,JobSatisfaction,Department,EnvironmentSatisfaction,RelationshipSatisfaction,DistanceFromHome_L,DistanceFromHome,EducationField,NumCompaniesWorked,WorkLifeBalance,Education,ID,TrainingTimesLastYear,HourlyRate,HourlyRateLog_L,YearsSinceLastPromotion,BusinessTravel,MonthlyRate,MonthlyRate_L,JobRole,PerformanceRating,MaritalStatus,Gender,PercentSalaryHike,PercentSalaryHike_L,DailyRate,DailyRateLog_L,EmployeeNumber","Accuracy",16
"32","OverTime,StockOptionLevel,YearsInCurrentRole,YearsAtCompany,TotalWorkingYears,MonthlyIncome_L,MonthlyIncome,JobInvolvement,JobLevel,Age,YearsWithCurrManager,JobSatisfaction,Department,EnvironmentSatisfaction,RelationshipSatisfaction,DistanceFromHome,DistanceFromHome_L,EducationField,NumCompaniesWorked,Education,WorkLifeBalance,ID,TrainingTimesLastYear,HourlyRate,HourlyRateLog_L,YearsSinceLastPromotion,BusinessTravel,MonthlyRate,MonthlyRate_L,JobRole,PerformanceRating,Gender,EmployeeNumber,MaritalStatus,PercentSalaryHike,PercentSalaryHike_L,DailyRate,DailyRateLog_L","Kappa",16
"33","OverTime,MonthlyIncome_L,MonthlyIncome","Accuracy",17
"34","OverTime,MonthlyIncome_L,MonthlyIncome,YearsInCurrentRole,YearsAtCompany,YearsWithCurrManager,TotalWorkingYears,StockOptionLevel,JobLevel,JobInvolvement,Age,JobSatisfaction,EnvironmentSatisfaction,JobRole,DistanceFromHome_L,DistanceFromHome,RelationshipSatisfaction,NumCompaniesWorked,EducationField,Department,Education,WorkLifeBalance,YearsSinceLastPromotion,TrainingTimesLastYear,MaritalStatus,MonthlyRate,MonthlyRate_L,ID,Gender,DailyRate,DailyRateLog_L,EmployeeNumber,PercentSalaryHike,PercentSalaryHike_L,HourlyRate,HourlyRateLog_L,PerformanceRating,BusinessTravel","Kappa",17
"35","OverTime,TotalWorkingYears,YearsAtCompany","Accuracy",18
"36","OverTime,TotalWorkingYears,YearsAtCompany,MonthlyIncome_L,MonthlyIncome,YearsInCurrentRole,JobLevel,StockOptionLevel,JobInvolvement,YearsWithCurrManager,Age,JobSatisfaction,Department,DistanceFromHome_L,DistanceFromHome,EducationField,EnvironmentSatisfaction,MonthlyRate,MonthlyRate_L,TrainingTimesLastYear,WorkLifeBalance,ID,DailyRate,DailyRateLog_L,Gender,JobRole,Education,NumCompaniesWorked,YearsSinceLastPromotion,HourlyRate,HourlyRateLog_L,MaritalStatus,RelationshipSatisfaction,PerformanceRating,EmployeeNumber,BusinessTravel,PercentSalaryHike,PercentSalaryHike_L","Kappa",18
"37","TotalWorkingYears,OverTime,YearsAtCompany","Accuracy",19
"38","TotalWorkingYears,OverTime,YearsAtCompany,StockOptionLevel,Age,MonthlyIncome_L,MonthlyIncome,YearsInCurrentRole,JobLevel,YearsWithCurrManager,JobInvolvement,JobSatisfaction,Department,EnvironmentSatisfaction,TrainingTimesLastYear,DistanceFromHome_L","Kappa",19
"39","TotalWorkingYears,YearsAtCompany,OverTime,MonthlyIncome_L,MonthlyIncome,StockOptionLevel,YearsInCurrentRole,JobLevel,YearsWithCurrManager,JobInvolvement,Age,JobSatisfaction,Department,WorkLifeBalance,JobRole,YearsSinceLastPromotion,EnvironmentSatisfaction,DistanceFromHome,DistanceFromHome_L,HourlyRate,HourlyRateLog_L,EmployeeNumber,EducationField,Education,MonthlyRate,MonthlyRate_L,RelationshipSatisfaction,DailyRate,TrainingTimesLastYear,DailyRateLog_L,ID,BusinessTravel,MaritalStatus,NumCompaniesWorked,PerformanceRating,PercentSalaryHike,PercentSalaryHike_L,Gender","Accuracy",20
"40","TotalWorkingYears,YearsAtCompany,OverTime,MonthlyIncome_L,MonthlyIncome,StockOptionLevel,YearsInCurrentRole,JobLevel,YearsWithCurrManager,JobInvolvement,Age,JobSatisfaction,Department,WorkLifeBalance,JobRole,YearsSinceLastPromotion,EnvironmentSatisfaction,EducationField,HourlyRate,DistanceFromHome,HourlyRateLog_L,EmployeeNumber,DistanceFromHome_L,Education,TrainingTimesLastYear,DailyRate,DailyRateLog_L,RelationshipSatisfaction,MonthlyRate,MonthlyRate_L,ID,BusinessTravel,MaritalStatus,NumCompaniesWorked,PercentSalaryHike,PercentSalaryHike_L,PerformanceRating,Gender","Kappa",20
"41","StockOptionLevel,TotalWorkingYears,MonthlyIncome_L,MonthlyIncome,OverTime,YearsAtCompany,YearsInCurrentRole,JobLevel,YearsWithCurrManager,Age,JobInvolvement,JobSatisfaction,EnvironmentSatisfaction,DistanceFromHome,DistanceFromHome_L,Department,JobRole,WorkLifeBalance,DailyRate,DailyRateLog_L,MonthlyRate,MonthlyRate_L,EducationField,YearsSinceLastPromotion,TrainingTimesLastYear,Education,ID,HourlyRate,HourlyRateLog_L,NumCompaniesWorked,EmployeeNumber,PerformanceRating,Gender,RelationshipSatisfaction,BusinessTravel,MaritalStatus,PercentSalaryHike,PercentSalaryHike_L","Accuracy",21
"42","StockOptionLevel,TotalWorkingYears,MonthlyIncome_L,MonthlyIncome,OverTime,YearsAtCompany,YearsInCurrentRole,JobLevel,YearsWithCurrManager,Age,JobInvolvement,JobSatisfaction,EnvironmentSatisfaction,Department,JobRole,DistanceFromHome_L,DistanceFromHome,MonthlyRate,MonthlyRate_L,WorkLifeBalance,DailyRate,DailyRateLog_L,YearsSinceLastPromotion,TrainingTimesLastYear,EducationField,Education,ID,HourlyRate,HourlyRateLog_L,NumCompaniesWorked,EmployeeNumber,PerformanceRating,MaritalStatus,PercentSalaryHike,PercentSalaryHike_L,BusinessTravel,Gender,RelationshipSatisfaction","Kappa",21
"43","OverTime,TotalWorkingYears,MonthlyIncome_L,MonthlyIncome,YearsAtCompany,StockOptionLevel,YearsInCurrentRole,JobInvolvement,JobLevel,YearsWithCurrManager,Age,JobSatisfaction,Department,EducationField,JobRole,EnvironmentSatisfaction,DistanceFromHome,DistanceFromHome_L,ID,WorkLifeBalance,TrainingTimesLastYear,MonthlyRate,MonthlyRate_L,Education,YearsSinceLastPromotion,RelationshipSatisfaction,HourlyRate,HourlyRateLog_L,Gender,NumCompaniesWorked,MaritalStatus,DailyRate,DailyRateLog_L,PerformanceRating,PercentSalaryHike,PercentSalaryHike_L,EmployeeNumber,BusinessTravel","Accuracy",22
"44","OverTime,TotalWorkingYears,MonthlyIncome_L,MonthlyIncome,YearsAtCompany,StockOptionLevel,YearsInCurrentRole,JobInvolvement,JobLevel,YearsWithCurrManager,Age,JobSatisfaction,JobRole,EducationField,EnvironmentSatisfaction,Department,ID,DistanceFromHome,DistanceFromHome_L,TrainingTimesLastYear,WorkLifeBalance,MonthlyRate,MonthlyRate_L,YearsSinceLastPromotion,Education,RelationshipSatisfaction,HourlyRate,HourlyRateLog_L,Gender,MaritalStatus,NumCompaniesWorked,DailyRate,DailyRateLog_L,PerformanceRating,EmployeeNumber,PercentSalaryHike,PercentSalaryHike_L,BusinessTravel","Kappa",22
"45","OverTime,TotalWorkingYears,YearsAtCompany","Accuracy",23
"46","OverTime,TotalWorkingYears,YearsAtCompany,MonthlyIncome_L,MonthlyIncome,JobLevel,YearsInCurrentRole,YearsWithCurrManager,StockOptionLevel,Age,JobInvolvement,JobSatisfaction,Department,WorkLifeBalance,JobRole,TrainingTimesLastYear","Kappa",23
"47","StockOptionLevel,OverTime,MonthlyIncome_L,MonthlyIncome,TotalWorkingYears,YearsAtCompany,YearsInCurrentRole,JobLevel,JobInvolvement,YearsWithCurrManager,Age,JobSatisfaction,Department,DistanceFromHome_L,DistanceFromHome,JobRole,WorkLifeBalance,EducationField,EnvironmentSatisfaction,DailyRate,DailyRateLog_L,HourlyRate,HourlyRateLog_L,MonthlyRate,MonthlyRate_L,MaritalStatus,TrainingTimesLastYear,ID,BusinessTravel,Education,YearsSinceLastPromotion,NumCompaniesWorked,PercentSalaryHike,PercentSalaryHike_L,RelationshipSatisfaction,PerformanceRating,EmployeeNumber,Gender","Accuracy",24
"48","StockOptionLevel,OverTime,MonthlyIncome_L,MonthlyIncome,TotalWorkingYears,YearsAtCompany,YearsInCurrentRole,JobLevel,JobInvolvement,YearsWithCurrManager,Age,JobSatisfaction,Department,DistanceFromHome_L,DistanceFromHome,JobRole,EducationField,EnvironmentSatisfaction,WorkLifeBalance,HourlyRate,HourlyRateLog_L,DailyRate,DailyRateLog_L,MonthlyRate,TrainingTimesLastYear,MonthlyRate_L,MaritalStatus,ID,BusinessTravel,Education,YearsSinceLastPromotion,NumCompaniesWorked,RelationshipSatisfaction,PercentSalaryHike,PercentSalaryHike_L,EmployeeNumber,PerformanceRating,Gender","Kappa",24
"49","OverTime,MonthlyIncome_L,MonthlyIncome,TotalWorkingYears,JobInvolvement,YearsAtCompany,JobLevel,YearsInCurrentRole,StockOptionLevel,Age,YearsWithCurrManager,JobSatisfaction,EnvironmentSatisfaction,ID,DistanceFromHome_L,DistanceFromHome,TrainingTimesLastYear,MonthlyRate,MonthlyRate_L,WorkLifeBalance,EducationField,JobRole,Department,NumCompaniesWorked,EmployeeNumber,DailyRate,DailyRateLog_L,Education,PerformanceRating,RelationshipSatisfaction,MaritalStatus,PercentSalaryHike,PercentSalaryHike_L,BusinessTravel,YearsSinceLastPromotion,HourlyRate,HourlyRateLog_L,Gender","Accuracy",25
"50","OverTime,MonthlyIncome_L,MonthlyIncome,JobInvolvement,TotalWorkingYears,YearsAtCompany,JobLevel,YearsInCurrentRole,StockOptionLevel,Age,YearsWithCurrManager,JobSatisfaction,EnvironmentSatisfaction,ID,TrainingTimesLastYear,DistanceFromHome_L,DistanceFromHome,EducationField,MonthlyRate,Department,MonthlyRate_L,WorkLifeBalance,JobRole,NumCompaniesWorked,EmployeeNumber,DailyRate,DailyRateLog_L,Education,PerformanceRating,RelationshipSatisfaction,MaritalStatus,PercentSalaryHike,PercentSalaryHike_L,YearsSinceLastPromotion,BusinessTravel,HourlyRate,HourlyRateLog_L,Gender","Kappa",25
"51","TotalWorkingYears,MonthlyIncome_L,OverTime,MonthlyIncome,YearsAtCompany,StockOptionLevel,JobLevel,YearsInCurrentRole,YearsWithCurrManager,Age,JobInvolvement,Department,JobSatisfaction,Education,JobRole,TrainingTimesLastYear,RelationshipSatisfaction,YearsSinceLastPromotion,WorkLifeBalance,ID,DistanceFromHome,DailyRate,MonthlyRate,DistanceFromHome_L,DailyRateLog_L,MonthlyRate_L,EnvironmentSatisfaction,EducationField,HourlyRate,HourlyRateLog_L,MaritalStatus,NumCompaniesWorked,BusinessTravel,EmployeeNumber,PercentSalaryHike,PercentSalaryHike_L,PerformanceRating,Gender","Accuracy",26
"52","TotalWorkingYears,MonthlyIncome_L,MonthlyIncome,OverTime,YearsAtCompany,StockOptionLevel,JobLevel,YearsInCurrentRole,YearsWithCurrManager,Age,JobInvolvement,Department,JobSatisfaction,Education,TrainingTimesLastYear,JobRole,ID,WorkLifeBalance,RelationshipSatisfaction,YearsSinceLastPromotion,DistanceFromHome,DistanceFromHome_L,MonthlyRate,MonthlyRate_L,EnvironmentSatisfaction,DailyRate,DailyRateLog_L,EducationField,HourlyRate,HourlyRateLog_L,MaritalStatus,NumCompaniesWorked,BusinessTravel,EmployeeNumber,PerformanceRating,PercentSalaryHike,PercentSalaryHike_L,Gender","Kappa",26
"53","TotalWorkingYears,OverTime,MonthlyIncome_L,MonthlyIncome,YearsAtCompany,Age,YearsInCurrentRole,JobLevel,YearsWithCurrManager,StockOptionLevel,JobInvolvement,JobSatisfaction,Department,DistanceFromHome_L,DistanceFromHome,TrainingTimesLastYear,ID,DailyRate,DailyRateLog_L,Education,EnvironmentSatisfaction,NumCompaniesWorked,YearsSinceLastPromotion,JobRole,EducationField,MonthlyRate,MonthlyRate_L,RelationshipSatisfaction,WorkLifeBalance,MaritalStatus,EmployeeNumber,BusinessTravel,HourlyRate,HourlyRateLog_L,PerformanceRating,PercentSalaryHike,PercentSalaryHike_L,Gender","Accuracy",27
"54","TotalWorkingYears,OverTime,MonthlyIncome_L,MonthlyIncome,YearsAtCompany,Age,YearsInCurrentRole,JobLevel,YearsWithCurrManager,StockOptionLevel,JobInvolvement,JobSatisfaction,Department,DistanceFromHome_L,DistanceFromHome,TrainingTimesLastYear,Education,ID,EducationField,DailyRate,DailyRateLog_L,EnvironmentSatisfaction,JobRole,NumCompaniesWorked,RelationshipSatisfaction,YearsSinceLastPromotion,MonthlyRate,MonthlyRate_L,WorkLifeBalance,MaritalStatus,EmployeeNumber,BusinessTravel,HourlyRate,HourlyRateLog_L,PerformanceRating,Gender,PercentSalaryHike,PercentSalaryHike_L","Kappa",27
"55","OverTime,TotalWorkingYears,MonthlyIncome_L","Accuracy",28
"56","OverTime,TotalWorkingYears,MonthlyIncome_L,MonthlyIncome,YearsAtCompany,YearsInCurrentRole,YearsWithCurrManager,JobLevel,StockOptionLevel,Age,JobInvolvement,JobSatisfaction,DistanceFromHome,DistanceFromHome_L,Department,ID,EducationField,NumCompaniesWorked,WorkLifeBalance,TrainingTimesLastYear,JobRole,EnvironmentSatisfaction,RelationshipSatisfaction,Gender,YearsSinceLastPromotion,MonthlyRate,MonthlyRate_L,Education,DailyRate,DailyRateLog_L,HourlyRate,HourlyRateLog_L,PercentSalaryHike,PercentSalaryHike_L,EmployeeNumber,PerformanceRating,BusinessTravel,MaritalStatus","Kappa",28
"57","OverTime,StockOptionLevel,TotalWorkingYears,MonthlyIncome_L,MonthlyIncome,YearsAtCompany,JobLevel,Age,YearsInCurrentRole,YearsWithCurrManager,JobInvolvement,JobSatisfaction,DistanceFromHome_L,DistanceFromHome,DailyRateLog_L,DailyRate,Department,EducationField,EnvironmentSatisfaction,WorkLifeBalance,TrainingTimesLastYear,JobRole,MonthlyRate,MonthlyRate_L,ID,MaritalStatus,EmployeeNumber,Gender,Education,BusinessTravel,NumCompaniesWorked,RelationshipSatisfaction,HourlyRate,HourlyRateLog_L,PerformanceRating,YearsSinceLastPromotion,PercentSalaryHike,PercentSalaryHike_L","Accuracy",29
"58","OverTime,StockOptionLevel,MonthlyIncome_L,MonthlyIncome,TotalWorkingYears,YearsAtCompany,JobLevel,Age,YearsWithCurrManager,JobInvolvement,YearsInCurrentRole,JobSatisfaction,DistanceFromHome_L,DistanceFromHome,DailyRateLog_L,DailyRate,EducationField,Department,MonthlyRate,EnvironmentSatisfaction,MonthlyRate_L,WorkLifeBalance,TrainingTimesLastYear,JobRole,ID,MaritalStatus,EmployeeNumber,Gender,Education,BusinessTravel,RelationshipSatisfaction,NumCompaniesWorked,PerformanceRating,HourlyRate,HourlyRateLog_L,YearsSinceLastPromotion,PercentSalaryHike,PercentSalaryHike_L","Kappa",29
"59","OverTime,StockOptionLevel,TotalWorkingYears,YearsAtCompany,YearsInCurrentRole","Accuracy",30
"60","OverTime,StockOptionLevel,TotalWorkingYears,YearsAtCompany,YearsInCurrentRole,Age,YearsWithCurrManager,MonthlyIncome_L,MonthlyIncome,JobLevel,JobInvolvement,EducationField,JobSatisfaction,DistanceFromHome_L,Department,DistanceFromHome,Education,WorkLifeBalance","Kappa",30
"61","OverTime,MonthlyIncome_L,MonthlyIncome,TotalWorkingYears,StockOptionLevel,JobLevel,YearsAtCompany,YearsInCurrentRole,Age,YearsWithCurrManager,JobInvolvement,JobSatisfaction,Department,JobRole,WorkLifeBalance,DistanceFromHome_L,DistanceFromHome,MonthlyRate,MonthlyRate_L,EducationField,RelationshipSatisfaction,TrainingTimesLastYear,Education,YearsSinceLastPromotion,EnvironmentSatisfaction,ID,HourlyRate,HourlyRateLog_L,BusinessTravel,DailyRate,DailyRateLog_L,Gender,NumCompaniesWorked,EmployeeNumber,MaritalStatus,PerformanceRating,PercentSalaryHike,PercentSalaryHike_L","Accuracy",31
"62","OverTime,MonthlyIncome_L,MonthlyIncome,StockOptionLevel,TotalWorkingYears,JobLevel,YearsInCurrentRole,YearsAtCompany,Age,YearsWithCurrManager,JobInvolvement,JobSatisfaction,Department,JobRole,WorkLifeBalance,DistanceFromHome_L,DistanceFromHome,MonthlyRate_L,MonthlyRate,Education,EducationField,RelationshipSatisfaction,EnvironmentSatisfaction,TrainingTimesLastYear,ID,DailyRate,HourlyRate,YearsSinceLastPromotion,DailyRateLog_L,HourlyRateLog_L,BusinessTravel,Gender,NumCompaniesWorked,EmployeeNumber,MaritalStatus,PerformanceRating,PercentSalaryHike,PercentSalaryHike_L","Kappa",31
"63","OverTime,StockOptionLevel,MonthlyIncome_L,MonthlyIncome","Accuracy",32
"64","OverTime,StockOptionLevel,MonthlyIncome_L,MonthlyIncome,JobLevel,TotalWorkingYears,YearsInCurrentRole,Age,YearsAtCompany,JobInvolvement,YearsWithCurrManager,JobSatisfaction,Department,Education,MonthlyRate_L,MonthlyRate,DistanceFromHome,DistanceFromHome_L,JobRole,WorkLifeBalance,EducationField,ID,EnvironmentSatisfaction,HourlyRate,HourlyRateLog_L,TrainingTimesLastYear,BusinessTravel,NumCompaniesWorked,YearsSinceLastPromotion,DailyRate,DailyRateLog_L,RelationshipSatisfaction,EmployeeNumber,PercentSalaryHike,PercentSalaryHike_L,Gender,MaritalStatus,PerformanceRating","Kappa",32
"65","YearsAtCompany,TotalWorkingYears,YearsInCurrentRole,YearsWithCurrManager,MonthlyIncome_L,MonthlyIncome,OverTime,StockOptionLevel,JobLevel,Age,JobInvolvement,JobSatisfaction,Department,DistanceFromHome,JobRole,DistanceFromHome_L,TrainingTimesLastYear,Education,YearsSinceLastPromotion,NumCompaniesWorked,ID,WorkLifeBalance,EducationField,EnvironmentSatisfaction,Gender,DailyRate,EmployeeNumber,DailyRateLog_L,MaritalStatus,HourlyRate,HourlyRateLog_L,MonthlyRate,MonthlyRate_L,RelationshipSatisfaction,PercentSalaryHike,PercentSalaryHike_L,BusinessTravel,PerformanceRating","Accuracy",33
"66","YearsAtCompany,TotalWorkingYears,YearsWithCurrManager,YearsInCurrentRole,MonthlyIncome_L,MonthlyIncome,OverTime,StockOptionLevel,JobLevel,Age,JobInvolvement,JobSatisfaction,TrainingTimesLastYear,JobRole,Department,DistanceFromHome_L,DistanceFromHome,Education,YearsSinceLastPromotion,EducationField,ID,WorkLifeBalance,EnvironmentSatisfaction,NumCompaniesWorked,DailyRate,DailyRateLog_L,Gender,EmployeeNumber,MaritalStatus,HourlyRate,HourlyRateLog_L,MonthlyRate,MonthlyRate_L,RelationshipSatisfaction,PercentSalaryHike,PercentSalaryHike_L,BusinessTravel,PerformanceRating","Kappa",33
"67","TotalWorkingYears,OverTime,MonthlyIncome_L,MonthlyIncome,StockOptionLevel","Accuracy",34
"68","TotalWorkingYears,OverTime,MonthlyIncome_L,MonthlyIncome,StockOptionLevel,YearsInCurrentRole,YearsAtCompany,JobLevel,YearsWithCurrManager,Age,JobInvolvement,TrainingTimesLastYear,WorkLifeBalance,Department,JobSatisfaction,DistanceFromHome_L,DistanceFromHome,Education,JobRole,ID,DailyRate,NumCompaniesWorked,DailyRateLog_L,EnvironmentSatisfaction,MaritalStatus,EducationField,BusinessTravel,RelationshipSatisfaction,HourlyRate,HourlyRateLog_L,MonthlyRate,MonthlyRate_L,YearsSinceLastPromotion,PercentSalaryHike,PercentSalaryHike_L,Gender,EmployeeNumber,PerformanceRating","Kappa",34
"69","TotalWorkingYears,YearsAtCompany,StockOptionLevel,MonthlyIncome_L,OverTime,MonthlyIncome,YearsInCurrentRole,Age,YearsWithCurrManager,JobInvolvement,JobLevel,JobSatisfaction,EnvironmentSatisfaction,DistanceFromHome_L,DistanceFromHome,TrainingTimesLastYear,WorkLifeBalance,JobRole,Department,NumCompaniesWorked,MonthlyRate,MonthlyRate_L,RelationshipSatisfaction,EmployeeNumber,ID,DailyRate,DailyRateLog_L,YearsSinceLastPromotion,MaritalStatus,HourlyRate,HourlyRateLog_L,Education,Gender,EducationField,BusinessTravel,PerformanceRating,PercentSalaryHike,PercentSalaryHike_L","Accuracy",35
"70","TotalWorkingYears,YearsAtCompany,StockOptionLevel,OverTime,MonthlyIncome_L,MonthlyIncome,YearsInCurrentRole,Age,JobInvolvement,YearsWithCurrManager,JobLevel,JobSatisfaction,EnvironmentSatisfaction,DistanceFromHome_L,DistanceFromHome,TrainingTimesLastYear,WorkLifeBalance","Kappa",35
"71","OverTime,MonthlyIncome_L,MonthlyIncome,YearsInCurrentRole,YearsAtCompany,TotalWorkingYears,YearsWithCurrManager,JobLevel,StockOptionLevel,Age,JobInvolvement,JobSatisfaction,EnvironmentSatisfaction,TrainingTimesLastYear,JobRole,WorkLifeBalance,MonthlyRate_L,MonthlyRate,DistanceFromHome,DistanceFromHome_L,Department,NumCompaniesWorked,Education,HourlyRate,HourlyRateLog_L,DailyRate,DailyRateLog_L,Gender,YearsSinceLastPromotion,BusinessTravel,MaritalStatus,ID,EmployeeNumber,EducationField,RelationshipSatisfaction,PerformanceRating,PercentSalaryHike,PercentSalaryHike_L","Accuracy",36
"72","OverTime,MonthlyIncome_L,MonthlyIncome,YearsInCurrentRole,YearsAtCompany,TotalWorkingYears,JobLevel,YearsWithCurrManager,StockOptionLevel,Age,JobInvolvement,JobSatisfaction,EnvironmentSatisfaction,TrainingTimesLastYear","Kappa",36
"73","OverTime,TotalWorkingYears,MonthlyIncome_L","Accuracy",37
"74","OverTime,TotalWorkingYears,MonthlyIncome_L,MonthlyIncome,StockOptionLevel,YearsAtCompany,JobLevel,Age,YearsInCurrentRole,YearsWithCurrManager,JobInvolvement,JobSatisfaction,EnvironmentSatisfaction,JobRole,Department,TrainingTimesLastYear,EducationField,Education,DistanceFromHome,DistanceFromHome_L,MonthlyRate,MonthlyRate_L,YearsSinceLastPromotion,NumCompaniesWorked,WorkLifeBalance,RelationshipSatisfaction,EmployeeNumber,Gender,DailyRate,DailyRateLog_L,ID,PercentSalaryHike,PercentSalaryHike_L,HourlyRate,HourlyRateLog_L,MaritalStatus,PerformanceRating,BusinessTravel","Kappa",37
"75","OverTime,TotalWorkingYears,MonthlyIncome","Accuracy",38
"76","OverTime,TotalWorkingYears,MonthlyIncome_L,MonthlyIncome,YearsAtCompany,JobLevel,YearsInCurrentRole,YearsWithCurrManager,StockOptionLevel,Age,JobInvolvement,DistanceFromHome_L,DistanceFromHome,JobSatisfaction,Department,ID,EnvironmentSatisfaction,DailyRate,DailyRateLog_L,JobRole,Education,EducationField,WorkLifeBalance,TrainingTimesLastYear,MonthlyRate,PercentSalaryHike,PercentSalaryHike_L,RelationshipSatisfaction,NumCompaniesWorked,HourlyRate,MonthlyRate_L,EmployeeNumber,MaritalStatus,HourlyRateLog_L,PerformanceRating,Gender,YearsSinceLastPromotion,BusinessTravel","Kappa",38
"77","OverTime,TotalWorkingYears,YearsInCurrentRole,YearsAtCompany,MonthlyIncome_L,MonthlyIncome,StockOptionLevel,JobLevel,JobInvolvement,YearsWithCurrManager,Age,Department,DistanceFromHome_L,DistanceFromHome,EducationField,JobSatisfaction,ID,WorkLifeBalance,TrainingTimesLastYear,JobRole,EnvironmentSatisfaction,HourlyRate,HourlyRateLog_L,Education,NumCompaniesWorked,YearsSinceLastPromotion,MonthlyRate,MonthlyRate_L,BusinessTravel,EmployeeNumber,DailyRate,DailyRateLog_L,MaritalStatus,RelationshipSatisfaction,PercentSalaryHike,PercentSalaryHike_L,Gender,PerformanceRating","Accuracy",39
"78","OverTime,TotalWorkingYears,YearsAtCompany,YearsInCurrentRole,MonthlyIncome_L,MonthlyIncome,StockOptionLevel,JobLevel,JobInvolvement,YearsWithCurrManager,Age,Department,DistanceFromHome_L,DistanceFromHome,EducationField,JobSatisfaction,WorkLifeBalance,ID,TrainingTimesLastYear,JobRole,HourlyRate,Education,HourlyRateLog_L,EnvironmentSatisfaction,NumCompaniesWorked,YearsSinceLastPromotion,MonthlyRate,MonthlyRate_L,BusinessTravel,EmployeeNumber,MaritalStatus,DailyRate,DailyRateLog_L,RelationshipSatisfaction,PercentSalaryHike,PercentSalaryHike_L,Gender,PerformanceRating","Kappa",39
"79","OverTime,YearsAtCompany,MonthlyIncome_L,MonthlyIncome,TotalWorkingYears,YearsInCurrentRole,StockOptionLevel,YearsWithCurrManager,JobLevel,Age,JobInvolvement,JobSatisfaction,Department,DistanceFromHome_L,DistanceFromHome,JobRole,EnvironmentSatisfaction,EducationField,NumCompaniesWorked,WorkLifeBalance,YearsSinceLastPromotion,Education,MonthlyRate,MonthlyRate_L,DailyRate,DailyRateLog_L,TrainingTimesLastYear,HourlyRate,HourlyRateLog_L,RelationshipSatisfaction,ID,PercentSalaryHike,PercentSalaryHike_L,BusinessTravel,Gender,PerformanceRating,EmployeeNumber,MaritalStatus","Accuracy",40
"80","OverTime,YearsAtCompany,MonthlyIncome_L,MonthlyIncome,TotalWorkingYears,YearsInCurrentRole,StockOptionLevel,YearsWithCurrManager,JobLevel,Age,JobInvolvement,JobSatisfaction,Department,DistanceFromHome_L,DistanceFromHome,JobRole,EnvironmentSatisfaction,NumCompaniesWorked,EducationField,WorkLifeBalance,YearsSinceLastPromotion,Education,DailyRate,TrainingTimesLastYear,DailyRateLog_L,MonthlyRate,MonthlyRate_L,HourlyRate,HourlyRateLog_L,RelationshipSatisfaction,ID,BusinessTravel,Gender,PercentSalaryHike,PercentSalaryHike_L,PerformanceRating,MaritalStatus,EmployeeNumber","Kappa",40
"81","MonthlyIncome,MonthlyIncome_L,OverTime,JobLevel,TotalWorkingYears,YearsAtCompany,StockOptionLevel,YearsInCurrentRole,YearsWithCurrManager,Age,JobInvolvement,JobSatisfaction,JobRole,WorkLifeBalance,Education,Department,EnvironmentSatisfaction,EducationField,NumCompaniesWorked,MonthlyRate,HourlyRate,MonthlyRate_L,HourlyRateLog_L,DailyRate,DailyRateLog_L,EmployeeNumber,RelationshipSatisfaction,YearsSinceLastPromotion,DistanceFromHome,DistanceFromHome_L,Gender,TrainingTimesLastYear,PercentSalaryHike,PercentSalaryHike_L,MaritalStatus,ID,BusinessTravel,PerformanceRating","Accuracy",41
"82","MonthlyIncome,MonthlyIncome_L,OverTime,JobLevel,TotalWorkingYears,YearsAtCompany,StockOptionLevel,YearsInCurrentRole,YearsWithCurrManager,Age,JobInvolvement,JobSatisfaction,JobRole,WorkLifeBalance,Education,Department,EnvironmentSatisfaction,NumCompaniesWorked,MonthlyRate,EducationField,MonthlyRate_L,DailyRate,HourlyRate,DailyRateLog_L,EmployeeNumber,HourlyRateLog_L,YearsSinceLastPromotion,RelationshipSatisfaction,DistanceFromHome,DistanceFromHome_L,Gender,TrainingTimesLastYear,ID,MaritalStatus,BusinessTravel,PercentSalaryHike,PercentSalaryHike_L,PerformanceRating","Kappa",41
"83","OverTime,StockOptionLevel,TotalWorkingYears,YearsAtCompany","Accuracy",42
"84","OverTime,StockOptionLevel,TotalWorkingYears,YearsAtCompany,MonthlyIncome_L,MonthlyIncome,YearsInCurrentRole,Age,YearsWithCurrManager,JobLevel,JobInvolvement,JobSatisfaction,EnvironmentSatisfaction,Department,DistanceFromHome_L,DistanceFromHome,EducationField,YearsSinceLastPromotion,ID,NumCompaniesWorked,Education,JobRole,TrainingTimesLastYear,MonthlyRate,HourlyRate,MonthlyRate_L,HourlyRateLog_L,WorkLifeBalance,BusinessTravel,RelationshipSatisfaction,EmployeeNumber,PercentSalaryHike,PercentSalaryHike_L,Gender,MaritalStatus,PerformanceRating,DailyRate,DailyRateLog_L","Kappa",42
"85","OverTime,MonthlyIncome_L,MonthlyIncome","Accuracy",43
"86","OverTime,MonthlyIncome_L,MonthlyIncome,TotalWorkingYears,YearsInCurrentRole,YearsAtCompany,JobLevel,StockOptionLevel,YearsWithCurrManager,JobInvolvement,Age,Department,EnvironmentSatisfaction,WorkLifeBalance,TrainingTimesLastYear,JobSatisfaction,DistanceFromHome,DistanceFromHome_L","Kappa",43
"87","OverTime,TotalWorkingYears,YearsInCurrentRole","Accuracy",44
"88","OverTime,TotalWorkingYears,YearsInCurrentRole,YearsAtCompany,StockOptionLevel,YearsWithCurrManager,MonthlyIncome_L,MonthlyIncome,JobLevel,Age,JobInvolvement,JobSatisfaction,Department,EnvironmentSatisfaction,DistanceFromHome_L,DistanceFromHome","Kappa",44
"89","OverTime,StockOptionLevel,MonthlyIncome_L","Accuracy",45
"90","OverTime,StockOptionLevel,MonthlyIncome_L,MonthlyIncome,TotalWorkingYears,YearsInCurrentRole,YearsAtCompany,JobLevel,YearsWithCurrManager,JobInvolvement,Age,JobSatisfaction,DistanceFromHome_L,DistanceFromHome,Department,TrainingTimesLastYear,WorkLifeBalance,EducationField,EnvironmentSatisfaction,JobRole,ID,DailyRate,MaritalStatus,DailyRateLog_L,HourlyRate,HourlyRateLog_L,RelationshipSatisfaction,Education,MonthlyRate,MonthlyRate_L,NumCompaniesWorked,Gender,YearsSinceLastPromotion,EmployeeNumber,PerformanceRating,PercentSalaryHike,PercentSalaryHike_L,BusinessTravel","Kappa",45
"91","YearsAtCompany,StockOptionLevel,YearsInCurrentRole,YearsWithCurrManager,TotalWorkingYears,OverTime,MonthlyIncome_L,MonthlyIncome,JobLevel,JobInvolvement,Age,JobSatisfaction,Department,DistanceFromHome_L,DistanceFromHome,EnvironmentSatisfaction,NumCompaniesWorked,ID,EducationField,TrainingTimesLastYear,WorkLifeBalance,Education,BusinessTravel,JobRole,YearsSinceLastPromotion,HourlyRate,HourlyRateLog_L,DailyRate,DailyRateLog_L,EmployeeNumber,Gender,PerformanceRating,MaritalStatus,RelationshipSatisfaction,MonthlyRate,MonthlyRate_L,PercentSalaryHike,PercentSalaryHike_L","Accuracy",46
"92","StockOptionLevel,YearsAtCompany,YearsInCurrentRole,YearsWithCurrManager,TotalWorkingYears,OverTime,MonthlyIncome_L,MonthlyIncome,JobLevel,JobInvolvement,Age,JobSatisfaction,Department,DistanceFromHome_L,DistanceFromHome,NumCompaniesWorked,TrainingTimesLastYear,WorkLifeBalance,EnvironmentSatisfaction,EducationField,ID,BusinessTravel,JobRole,Education,YearsSinceLastPromotion,HourlyRate,HourlyRateLog_L,EmployeeNumber,DailyRate,DailyRateLog_L,Gender,PerformanceRating,RelationshipSatisfaction,MonthlyRate,MonthlyRate_L,MaritalStatus,PercentSalaryHike,PercentSalaryHike_L","Kappa",46
"93","OverTime,StockOptionLevel,TotalWorkingYears,MonthlyIncome_L","Accuracy",47
"94","OverTime,StockOptionLevel,TotalWorkingYears,MonthlyIncome_L,MonthlyIncome,YearsAtCompany,YearsInCurrentRole,Age,JobLevel,YearsWithCurrManager,JobInvolvement,JobSatisfaction,EnvironmentSatisfaction,Education","Kappa",47
"95","OverTime,TotalWorkingYears,MonthlyIncome_L","Accuracy",48
"96","OverTime,TotalWorkingYears,MonthlyIncome_L,MonthlyIncome,YearsAtCompany,JobInvolvement,StockOptionLevel,JobLevel,YearsInCurrentRole,YearsWithCurrManager,Age,DistanceFromHome_L","Kappa",48
"97","OverTime,StockOptionLevel,MonthlyIncome_L,MonthlyIncome,TotalWorkingYears,Age,JobLevel,YearsInCurrentRole,YearsAtCompany,JobInvolvement,YearsWithCurrManager,JobSatisfaction,Department,WorkLifeBalance,EnvironmentSatisfaction,NumCompaniesWorked,DistanceFromHome,DistanceFromHome_L,RelationshipSatisfaction,HourlyRate,HourlyRateLog_L,JobRole,MonthlyRate,MonthlyRate_L,TrainingTimesLastYear,Education,ID,EmployeeNumber,Gender,PercentSalaryHike,PercentSalaryHike_L,EducationField,YearsSinceLastPromotion,PerformanceRating,BusinessTravel,DailyRate,DailyRateLog_L,MaritalStatus","Accuracy",49
"98","OverTime,StockOptionLevel,MonthlyIncome_L,MonthlyIncome,TotalWorkingYears,YearsAtCompany,YearsInCurrentRole,JobLevel,Age,JobInvolvement,YearsWithCurrManager,JobSatisfaction,Department,WorkLifeBalance,EnvironmentSatisfaction,NumCompaniesWorked,DistanceFromHome_L,RelationshipSatisfaction,DistanceFromHome,HourlyRate,HourlyRateLog_L,TrainingTimesLastYear,MonthlyRate,MonthlyRate_L,JobRole,Education,ID,EmployeeNumber,Gender,EducationField,PercentSalaryHike,PercentSalaryHike_L,PerformanceRating,BusinessTravel,YearsSinceLastPromotion,DailyRate,DailyRateLog_L,MaritalStatus","Kappa",49
"99","OverTime,YearsAtCompany,TotalWorkingYears,MonthlyIncome_L,MonthlyIncome,StockOptionLevel,YearsInCurrentRole,JobLevel,YearsWithCurrManager,Age,JobInvolvement,JobSatisfaction,WorkLifeBalance,EnvironmentSatisfaction,HourlyRate,HourlyRateLog_L,DistanceFromHome,DistanceFromHome_L,JobRole,MonthlyRate,MonthlyRate_L,Department,NumCompaniesWorked,TrainingTimesLastYear,EducationField,YearsSinceLastPromotion,BusinessTravel,Education,MaritalStatus,DailyRate,DailyRateLog_L,RelationshipSatisfaction,Gender,PercentSalaryHike,PercentSalaryHike_L,EmployeeNumber,ID,PerformanceRating","Accuracy",50
"100","OverTime,YearsAtCompany,TotalWorkingYears,MonthlyIncome_L,MonthlyIncome,StockOptionLevel,YearsInCurrentRole,JobLevel,YearsWithCurrManager,Age,JobInvolvement,JobSatisfaction,WorkLifeBalance,HourlyRate,HourlyRateLog_L,EnvironmentSatisfaction,DistanceFromHome,DistanceFromHome_L,JobRole,Department,NumCompaniesWorked,MonthlyRate,MonthlyRate_L,TrainingTimesLastYear,EducationField,YearsSinceLastPromotion,BusinessTravel,Education,DailyRate,DailyRateLog_L,MaritalStatus,Gender,EmployeeNumber,PercentSalaryHike,PercentSalaryHike_L,ID,RelationshipSatisfaction,PerformanceRating","Kappa",50
"101","OverTime,MonthlyIncome_L,MonthlyIncome,TotalWorkingYears,YearsAtCompany,StockOptionLevel,JobLevel,YearsInCurrentRole,JobInvolvement,Age,YearsWithCurrManager,JobSatisfaction,EnvironmentSatisfaction,Department,WorkLifeBalance,MonthlyRate,MonthlyRate_L,DistanceFromHome,NumCompaniesWorked,TrainingTimesLastYear,DistanceFromHome_L,Gender,ID,JobRole,Education,EmployeeNumber,RelationshipSatisfaction,DailyRate,DailyRateLog_L,EducationField,HourlyRate,HourlyRateLog_L,MaritalStatus,YearsSinceLastPromotion,PercentSalaryHike,PercentSalaryHike_L,BusinessTravel,PerformanceRating","Accuracy",51
"102","OverTime,MonthlyIncome_L,MonthlyIncome,TotalWorkingYears,YearsAtCompany,StockOptionLevel,JobLevel,YearsInCurrentRole,JobInvolvement,Age,YearsWithCurrManager,JobSatisfaction,EnvironmentSatisfaction,Department,WorkLifeBalance,MonthlyRate_L,MonthlyRate,TrainingTimesLastYear,DistanceFromHome,DistanceFromHome_L,NumCompaniesWorked,Gender,ID,JobRole,Education,EmployeeNumber,RelationshipSatisfaction,DailyRate,DailyRateLog_L,EducationField,HourlyRate,HourlyRateLog_L,MaritalStatus,YearsSinceLastPromotion,PercentSalaryHike,PercentSalaryHike_L,BusinessTravel,PerformanceRating","Kappa",51
"103","OverTime,MonthlyIncome_L,MonthlyIncome,YearsAtCompany,TotalWorkingYears,YearsInCurrentRole,StockOptionLevel,JobLevel,YearsWithCurrManager,JobInvolvement,Age,JobSatisfaction,DistanceFromHome_L,DistanceFromHome,EducationField,WorkLifeBalance,Education,ID,JobRole,HourlyRate,HourlyRateLog_L,NumCompaniesWorked,Department,TrainingTimesLastYear,EnvironmentSatisfaction,RelationshipSatisfaction,YearsSinceLastPromotion,MonthlyRate,MonthlyRate_L,EmployeeNumber,MaritalStatus,PerformanceRating,BusinessTravel,DailyRate,DailyRateLog_L,PercentSalaryHike,PercentSalaryHike_L,Gender","Accuracy",52
"104","OverTime,MonthlyIncome_L,YearsAtCompany,MonthlyIncome,TotalWorkingYears,YearsInCurrentRole,StockOptionLevel,JobLevel,YearsWithCurrManager,JobInvolvement,Age,JobSatisfaction,DistanceFromHome_L,DistanceFromHome","Kappa",52
"105","OverTime,MonthlyIncome_L,MonthlyIncome,StockOptionLevel","Accuracy",53
"106","OverTime,MonthlyIncome_L,MonthlyIncome,StockOptionLevel,TotalWorkingYears,JobLevel,YearsAtCompany,YearsInCurrentRole,YearsWithCurrManager,Age,JobInvolvement,JobSatisfaction,DistanceFromHome_L,DistanceFromHome,Department,Education,JobRole,WorkLifeBalance,DailyRate,NumCompaniesWorked,DailyRateLog_L,YearsSinceLastPromotion,ID,TrainingTimesLastYear,RelationshipSatisfaction,EnvironmentSatisfaction,MonthlyRate,MonthlyRate_L,EducationField,PercentSalaryHike,PercentSalaryHike_L,EmployeeNumber,MaritalStatus,Gender,PerformanceRating,HourlyRate,HourlyRateLog_L,BusinessTravel","Kappa",53
"107","TotalWorkingYears,MonthlyIncome_L,MonthlyIncome,YearsAtCompany,OverTime,StockOptionLevel,YearsInCurrentRole,JobLevel,YearsWithCurrManager,Age,JobInvolvement,JobSatisfaction,EducationField,JobRole,ID,DistanceFromHome_L,DistanceFromHome,WorkLifeBalance,RelationshipSatisfaction,Education,Department,NumCompaniesWorked,MonthlyRate,MonthlyRate_L,EnvironmentSatisfaction,TrainingTimesLastYear,YearsSinceLastPromotion,HourlyRate,HourlyRateLog_L,BusinessTravel,Gender,EmployeeNumber,MaritalStatus,PerformanceRating,PercentSalaryHike,PercentSalaryHike_L,DailyRate,DailyRateLog_L","Accuracy",54
"108","MonthlyIncome_L,MonthlyIncome,TotalWorkingYears,YearsAtCompany,OverTime,StockOptionLevel,YearsInCurrentRole,JobLevel,YearsWithCurrManager,Age,JobInvolvement,JobSatisfaction,EducationField,JobRole,ID,DistanceFromHome_L,DistanceFromHome,Education,WorkLifeBalance,Department,RelationshipSatisfaction,NumCompaniesWorked,MonthlyRate,MonthlyRate_L,EnvironmentSatisfaction,TrainingTimesLastYear,YearsSinceLastPromotion,HourlyRate,HourlyRateLog_L,BusinessTravel,Gender,MaritalStatus,EmployeeNumber,PerformanceRating,DailyRate,DailyRateLog_L,PercentSalaryHike,PercentSalaryHike_L","Kappa",54
"109","OverTime,MonthlyIncome_L,MonthlyIncome,TotalWorkingYears,JobLevel,StockOptionLevel,YearsAtCompany,Age,YearsInCurrentRole,YearsWithCurrManager,JobInvolvement,JobSatisfaction,DistanceFromHome_L,DistanceFromHome,DailyRateLog_L,DailyRate,JobRole,TrainingTimesLastYear,Department,EnvironmentSatisfaction,MaritalStatus,ID,NumCompaniesWorked,WorkLifeBalance,EducationField,HourlyRate,Gender,MonthlyRate,MonthlyRate_L,HourlyRateLog_L,RelationshipSatisfaction,BusinessTravel,EmployeeNumber,Education,PercentSalaryHike,PercentSalaryHike_L,YearsSinceLastPromotion,PerformanceRating","Accuracy",55
"110","OverTime,MonthlyIncome_L,MonthlyIncome,TotalWorkingYears,JobLevel,StockOptionLevel,YearsAtCompany,Age,YearsInCurrentRole,YearsWithCurrManager,JobInvolvement,JobSatisfaction,DistanceFromHome_L,DailyRateLog_L,DistanceFromHome,DailyRate,JobRole,TrainingTimesLastYear,Department,ID,EnvironmentSatisfaction,MaritalStatus,WorkLifeBalance,EducationField,NumCompaniesWorked,Gender,MonthlyRate,MonthlyRate_L,HourlyRate,HourlyRateLog_L,BusinessTravel,RelationshipSatisfaction,EmployeeNumber,Education,PercentSalaryHike,PercentSalaryHike_L,YearsSinceLastPromotion,PerformanceRating","Kappa",55
"111","OverTime,YearsAtCompany,MonthlyIncome_L,MonthlyIncome,StockOptionLevel,TotalWorkingYears,YearsInCurrentRole,YearsWithCurrManager,JobLevel,JobInvolvement,Age,EducationField,JobSatisfaction,Department,ID,DistanceFromHome_L,DistanceFromHome,JobRole,NumCompaniesWorked,TrainingTimesLastYear,RelationshipSatisfaction,Education,YearsSinceLastPromotion,EnvironmentSatisfaction,WorkLifeBalance,HourlyRate,HourlyRateLog_L,MonthlyRate,MonthlyRate_L,PercentSalaryHike,PercentSalaryHike_L,EmployeeNumber,Gender,MaritalStatus,DailyRate,DailyRateLog_L,PerformanceRating,BusinessTravel","Accuracy",56
"112","OverTime,YearsAtCompany,MonthlyIncome_L,MonthlyIncome,StockOptionLevel,TotalWorkingYears,YearsWithCurrManager,YearsInCurrentRole,JobLevel,JobInvolvement,Age,JobSatisfaction,EducationField,ID,Department,DistanceFromHome_L","Kappa",56
"113","OverTime,MonthlyIncome_L,MonthlyIncome,TotalWorkingYears","Accuracy",57
"114","OverTime,MonthlyIncome_L,MonthlyIncome,TotalWorkingYears,StockOptionLevel,JobLevel,YearsInCurrentRole,YearsAtCompany,Age,YearsWithCurrManager,JobInvolvement,JobSatisfaction,Department,TrainingTimesLastYear,MonthlyRate_L,MonthlyRate","Kappa",57
"115","OverTime,TotalWorkingYears,MonthlyIncome_L,MonthlyIncome,Age,JobLevel,YearsAtCompany,YearsWithCurrManager,YearsInCurrentRole,StockOptionLevel,JobInvolvement,DistanceFromHome_L,JobSatisfaction,DistanceFromHome,TrainingTimesLastYear,Department,ID,EnvironmentSatisfaction,Education,JobRole,NumCompaniesWorked,RelationshipSatisfaction,BusinessTravel,HourlyRate,HourlyRateLog_L,WorkLifeBalance,MonthlyRate,MonthlyRate_L,EducationField,EmployeeNumber,MaritalStatus,DailyRate,DailyRateLog_L,YearsSinceLastPromotion,Gender,PercentSalaryHike,PercentSalaryHike_L,PerformanceRating","Accuracy",58
"116","OverTime,TotalWorkingYears,MonthlyIncome,MonthlyIncome_L,Age,JobLevel,YearsAtCompany,YearsWithCurrManager,YearsInCurrentRole,StockOptionLevel,JobInvolvement,JobSatisfaction,DistanceFromHome_L,DistanceFromHome,TrainingTimesLastYear,ID,Department,RelationshipSatisfaction,Education,EnvironmentSatisfaction,JobRole,NumCompaniesWorked,BusinessTravel,WorkLifeBalance,HourlyRate,HourlyRateLog_L,MonthlyRate,MonthlyRate_L,EmployeeNumber,EducationField,DailyRate,DailyRateLog_L,MaritalStatus,YearsSinceLastPromotion,PerformanceRating,PercentSalaryHike,PercentSalaryHike_L,Gender","Kappa",58
"117","MonthlyIncome_L,MonthlyIncome,TotalWorkingYears,OverTime,Age,YearsAtCompany,JobLevel,YearsInCurrentRole,StockOptionLevel,YearsWithCurrManager,JobInvolvement,JobSatisfaction,DistanceFromHome_L,DistanceFromHome,WorkLifeBalance,Department,TrainingTimesLastYear,JobRole,EducationField,NumCompaniesWorked,RelationshipSatisfaction,MonthlyRate,EnvironmentSatisfaction,MonthlyRate_L,ID,Education,HourlyRate,HourlyRateLog_L,Gender,YearsSinceLastPromotion,MaritalStatus,DailyRate,DailyRateLog_L,BusinessTravel,EmployeeNumber,PercentSalaryHike,PercentSalaryHike_L,PerformanceRating","Accuracy",59
"118","MonthlyIncome_L,MonthlyIncome,TotalWorkingYears,OverTime,Age,YearsAtCompany,JobLevel,YearsInCurrentRole,StockOptionLevel,YearsWithCurrManager,JobInvolvement,JobSatisfaction,DistanceFromHome_L,DistanceFromHome,WorkLifeBalance,TrainingTimesLastYear,Department,EnvironmentSatisfaction,JobRole,EducationField,NumCompaniesWorked,RelationshipSatisfaction,MonthlyRate,MonthlyRate_L,ID,Education,HourlyRate,HourlyRateLog_L,Gender,YearsSinceLastPromotion,MaritalStatus,PercentSalaryHike,PercentSalaryHike_L,DailyRate,DailyRateLog_L,BusinessTravel,EmployeeNumber,PerformanceRating","Kappa",59
"119","MonthlyIncome_L,MonthlyIncome,TotalWorkingYears,JobLevel,OverTime,YearsAtCompany,StockOptionLevel,YearsInCurrentRole,Age,YearsWithCurrManager,JobInvolvement,DistanceFromHome_L,DistanceFromHome,JobSatisfaction,JobRole,Department,EnvironmentSatisfaction,EducationField,MonthlyRate,Education,MonthlyRate_L,ID,WorkLifeBalance,YearsSinceLastPromotion,HourlyRate,HourlyRateLog_L,DailyRate,DailyRateLog_L,TrainingTimesLastYear,PercentSalaryHike,PercentSalaryHike_L,EmployeeNumber,NumCompaniesWorked,PerformanceRating,BusinessTravel,MaritalStatus,RelationshipSatisfaction,Gender","Accuracy",60
"120","MonthlyIncome_L,MonthlyIncome,TotalWorkingYears,JobLevel,OverTime,YearsAtCompany,StockOptionLevel,YearsInCurrentRole,Age,YearsWithCurrManager,JobInvolvement,DistanceFromHome_L,DistanceFromHome,JobSatisfaction,JobRole,EnvironmentSatisfaction,Department,HourlyRate,HourlyRateLog_L,EducationField,Education,ID,MonthlyRate,MonthlyRate_L,WorkLifeBalance,YearsSinceLastPromotion,DailyRate,DailyRateLog_L,TrainingTimesLastYear,PercentSalaryHike,PercentSalaryHike_L,EmployeeNumber,NumCompaniesWorked,PerformanceRating,BusinessTravel,MaritalStatus,RelationshipSatisfaction,Gender","Kappa",60
"121","OverTime,MonthlyIncome_L,MonthlyIncome","Accuracy",61
"122","OverTime,MonthlyIncome_L,MonthlyIncome,TotalWorkingYears,YearsAtCompany,JobLevel,StockOptionLevel,YearsInCurrentRole,YearsWithCurrManager,Age,JobInvolvement,JobSatisfaction,EnvironmentSatisfaction,Department,DistanceFromHome_L,DistanceFromHome","Kappa",61
"123","TotalWorkingYears,OverTime,MonthlyIncome_L","Accuracy",62
"124","TotalWorkingYears,OverTime,MonthlyIncome_L,MonthlyIncome,YearsAtCompany,YearsInCurrentRole,JobLevel,YearsWithCurrManager,StockOptionLevel,Age,JobInvolvement,EducationField,Department,WorkLifeBalance,DistanceFromHome_L,DistanceFromHome,JobRole","Kappa",62
"125","StockOptionLevel,TotalWorkingYears,MonthlyIncome_L","Accuracy",63
"126","StockOptionLevel,TotalWorkingYears,MonthlyIncome_L,MonthlyIncome,Age,OverTime,JobLevel,YearsAtCompany,JobInvolvement,YearsInCurrentRole,YearsWithCurrManager,JobSatisfaction,Department,DistanceFromHome_L","Kappa",63
"127","TotalWorkingYears,OverTime,MonthlyIncome_L,MonthlyIncome,StockOptionLevel,JobLevel,YearsAtCompany,YearsInCurrentRole,Age,YearsWithCurrManager,JobInvolvement,JobSatisfaction,DistanceFromHome_L,DistanceFromHome,JobRole,EnvironmentSatisfaction,Department,MonthlyRate,MonthlyRate_L,Education,NumCompaniesWorked,TrainingTimesLastYear,WorkLifeBalance,EducationField,ID,PerformanceRating,YearsSinceLastPromotion,DailyRate,DailyRateLog_L,BusinessTravel,RelationshipSatisfaction,EmployeeNumber,PercentSalaryHike,PercentSalaryHike_L,HourlyRate,HourlyRateLog_L,Gender,MaritalStatus","Accuracy",64
"128","TotalWorkingYears,OverTime,MonthlyIncome_L,MonthlyIncome,StockOptionLevel,JobLevel,YearsAtCompany,YearsInCurrentRole,Age,YearsWithCurrManager,JobInvolvement,JobSatisfaction,DistanceFromHome_L,DistanceFromHome,EnvironmentSatisfaction,MonthlyRate,MonthlyRate_L,JobRole,Department,Education,NumCompaniesWorked,TrainingTimesLastYear,WorkLifeBalance,EducationField,ID,YearsSinceLastPromotion,PerformanceRating,DailyRate,DailyRateLog_L,BusinessTravel,RelationshipSatisfaction,EmployeeNumber,PercentSalaryHike,PercentSalaryHike_L,HourlyRate,HourlyRateLog_L,MaritalStatus,Gender","Kappa",64
"129","StockOptionLevel,OverTime,YearsAtCompany,YearsInCurrentRole,TotalWorkingYears,MonthlyIncome_L,MonthlyIncome,YearsWithCurrManager,JobInvolvement,Age,JobLevel,JobSatisfaction,DistanceFromHome_L,DistanceFromHome,Department,TrainingTimesLastYear,NumCompaniesWorked,EnvironmentSatisfaction,WorkLifeBalance,MonthlyRate,MonthlyRate_L,EducationField,RelationshipSatisfaction,Education,DailyRate,DailyRateLog_L,Gender,ID,YearsSinceLastPromotion,JobRole,PerformanceRating,BusinessTravel,EmployeeNumber,HourlyRate,HourlyRateLog_L,PercentSalaryHike,PercentSalaryHike_L,MaritalStatus","Accuracy",65
"130","StockOptionLevel,OverTime,YearsAtCompany,YearsInCurrentRole,TotalWorkingYears,MonthlyIncome_L,MonthlyIncome,YearsWithCurrManager,JobInvolvement,Age,JobLevel,JobSatisfaction,DistanceFromHome_L,DistanceFromHome,Department,TrainingTimesLastYear,NumCompaniesWorked,EnvironmentSatisfaction","Kappa",65
"131","MonthlyIncome_L,MonthlyIncome,TotalWorkingYears,OverTime,YearsAtCompany,Age,JobLevel,StockOptionLevel,YearsInCurrentRole,YearsWithCurrManager,JobSatisfaction,JobInvolvement,JobRole,Department,TrainingTimesLastYear,DistanceFromHome_L,DistanceFromHome,EducationField,WorkLifeBalance,ID,Education,MonthlyRate,MonthlyRate_L,EnvironmentSatisfaction,NumCompaniesWorked,BusinessTravel,HourlyRate,HourlyRateLog_L,YearsSinceLastPromotion,Gender,EmployeeNumber,PercentSalaryHike,PercentSalaryHike_L,DailyRate,DailyRateLog_L,MaritalStatus,RelationshipSatisfaction,PerformanceRating","Accuracy",66
"132","MonthlyIncome_L,MonthlyIncome,TotalWorkingYears,OverTime,YearsAtCompany,JobLevel,Age,StockOptionLevel,YearsInCurrentRole,YearsWithCurrManager,JobSatisfaction,JobInvolvement,JobRole,Department,DistanceFromHome_L,DistanceFromHome,TrainingTimesLastYear,EducationField,WorkLifeBalance,ID,EnvironmentSatisfaction,Education,MonthlyRate,MonthlyRate_L,NumCompaniesWorked,BusinessTravel,HourlyRate,HourlyRateLog_L,YearsSinceLastPromotion,Gender,EmployeeNumber,PercentSalaryHike,PercentSalaryHike_L,DailyRate,DailyRateLog_L,MaritalStatus,RelationshipSatisfaction,PerformanceRating","Kappa",66
"133","MonthlyIncome_L,MonthlyIncome,OverTime,TotalWorkingYears,YearsInCurrentRole,YearsAtCompany,JobLevel,StockOptionLevel,YearsWithCurrManager,JobInvolvement,Age,JobSatisfaction,DistanceFromHome_L,DistanceFromHome,Department,WorkLifeBalance,EnvironmentSatisfaction,JobRole,ID,Education,MonthlyRate,MonthlyRate_L,TrainingTimesLastYear,EducationField,EmployeeNumber,HourlyRate,HourlyRateLog_L,BusinessTravel,DailyRate,DailyRateLog_L,NumCompaniesWorked,RelationshipSatisfaction,YearsSinceLastPromotion,MaritalStatus,PercentSalaryHike,PercentSalaryHike_L,PerformanceRating,Gender","Accuracy",67
"134","MonthlyIncome_L,MonthlyIncome,OverTime,TotalWorkingYears,YearsInCurrentRole,JobLevel,YearsAtCompany,StockOptionLevel,YearsWithCurrManager,JobInvolvement,Age,JobSatisfaction,DistanceFromHome_L,DistanceFromHome,Department,WorkLifeBalance,JobRole,ID,EnvironmentSatisfaction,MonthlyRate,MonthlyRate_L,Education,EducationField,TrainingTimesLastYear,EmployeeNumber,HourlyRate,HourlyRateLog_L,BusinessTravel,DailyRate,DailyRateLog_L,NumCompaniesWorked,RelationshipSatisfaction,YearsSinceLastPromotion,MaritalStatus,Gender,PerformanceRating,PercentSalaryHike,PercentSalaryHike_L","Kappa",67
"135","MonthlyIncome_L,MonthlyIncome,TotalWorkingYears,OverTime,JobLevel,YearsAtCompany,StockOptionLevel,JobInvolvement,YearsInCurrentRole,YearsWithCurrManager,Age,EnvironmentSatisfaction,JobRole,JobSatisfaction,TrainingTimesLastYear,Department,DistanceFromHome_L,DistanceFromHome,Gender,DailyRate,DailyRateLog_L,WorkLifeBalance,Education,RelationshipSatisfaction,MonthlyRate,MonthlyRate_L,BusinessTravel,ID,HourlyRate,HourlyRateLog_L,EducationField,NumCompaniesWorked,MaritalStatus,PerformanceRating,EmployeeNumber,YearsSinceLastPromotion,PercentSalaryHike,PercentSalaryHike_L","Accuracy",68
"136","MonthlyIncome_L,MonthlyIncome,TotalWorkingYears,OverTime,JobLevel,YearsAtCompany,StockOptionLevel,JobInvolvement,YearsInCurrentRole,YearsWithCurrManager,Age,EnvironmentSatisfaction,JobRole,JobSatisfaction,TrainingTimesLastYear,DistanceFromHome,DistanceFromHome_L,Department,DailyRate,DailyRateLog_L,Gender,Education,MonthlyRate,MonthlyRate_L,WorkLifeBalance,RelationshipSatisfaction,BusinessTravel,ID,HourlyRate,HourlyRateLog_L,EducationField,NumCompaniesWorked,MaritalStatus,PerformanceRating,EmployeeNumber,YearsSinceLastPromotion,PercentSalaryHike,PercentSalaryHike_L","Kappa",68
"137","OverTime,TotalWorkingYears,MonthlyIncome_L,MonthlyIncome,YearsAtCompany,StockOptionLevel,YearsInCurrentRole,JobLevel,Age,JobInvolvement,YearsWithCurrManager,JobSatisfaction,Department,ID,DistanceFromHome_L,DistanceFromHome,EducationField,HourlyRateLog_L,HourlyRate,WorkLifeBalance,TrainingTimesLastYear,JobRole,MaritalStatus,DailyRate,DailyRateLog_L,Education,YearsSinceLastPromotion,MonthlyRate,MonthlyRate_L,EnvironmentSatisfaction,RelationshipSatisfaction,EmployeeNumber,BusinessTravel,NumCompaniesWorked,Gender,PercentSalaryHike,PercentSalaryHike_L,PerformanceRating","Accuracy",69
"138","OverTime,TotalWorkingYears,MonthlyIncome_L,MonthlyIncome,YearsAtCompany,StockOptionLevel,YearsInCurrentRole,JobLevel,Age,JobInvolvement,YearsWithCurrManager,JobSatisfaction,Department,ID,DistanceFromHome_L,DistanceFromHome","Kappa",69
"139","OverTime,TotalWorkingYears,MonthlyIncome_L","Accuracy",70
"140","OverTime,TotalWorkingYears,MonthlyIncome_L,MonthlyIncome,StockOptionLevel,JobInvolvement,JobLevel,YearsAtCompany,YearsInCurrentRole,Age","Kappa",70
"141","OverTime,MonthlyIncome,MonthlyIncome_L","Accuracy",71
"142","OverTime,MonthlyIncome_L,MonthlyIncome,TotalWorkingYears,StockOptionLevel,JobLevel,YearsAtCompany,JobInvolvement,YearsInCurrentRole,YearsWithCurrManager,Age,JobSatisfaction,Department,MonthlyRate_L,MonthlyRate,EducationField,JobRole,EnvironmentSatisfaction,DistanceFromHome_L,DistanceFromHome,HourlyRate,HourlyRateLog_L,RelationshipSatisfaction,TrainingTimesLastYear,WorkLifeBalance,Education,MaritalStatus,NumCompaniesWorked,DailyRate,DailyRateLog_L,ID,PercentSalaryHike,PercentSalaryHike_L,BusinessTravel,PerformanceRating,EmployeeNumber,Gender,YearsSinceLastPromotion","Kappa",71
"143","StockOptionLevel,OverTime,MonthlyIncome_L,MonthlyIncome","Accuracy",72
"144","StockOptionLevel,OverTime,MonthlyIncome_L,MonthlyIncome,TotalWorkingYears,JobLevel,YearsAtCompany,YearsInCurrentRole,Age,YearsWithCurrManager,JobInvolvement,JobSatisfaction,DistanceFromHome_L,DistanceFromHome,JobRole,EnvironmentSatisfaction,Department,WorkLifeBalance,TrainingTimesLastYear,Education,DailyRate,DailyRateLog_L,RelationshipSatisfaction,HourlyRate,HourlyRateLog_L,ID,EducationField,Gender,NumCompaniesWorked,MonthlyRate,MonthlyRate_L,YearsSinceLastPromotion,EmployeeNumber,PercentSalaryHike,PercentSalaryHike_L,BusinessTravel,MaritalStatus,PerformanceRating","Kappa",72
"145","OverTime,MonthlyIncome_L,MonthlyIncome","Accuracy",73
"146","OverTime,MonthlyIncome_L,MonthlyIncome,TotalWorkingYears,YearsAtCompany,YearsInCurrentRole,StockOptionLevel,JobLevel,YearsWithCurrManager,Age,JobInvolvement,JobSatisfaction,JobRole,Department,DistanceFromHome_L,DistanceFromHome,EnvironmentSatisfaction,WorkLifeBalance,EducationField,YearsSinceLastPromotion,NumCompaniesWorked,Education,TrainingTimesLastYear,Gender,RelationshipSatisfaction,DailyRate,DailyRateLog_L,HourlyRate,HourlyRateLog_L,MonthlyRate,MonthlyRate_L,ID,EmployeeNumber,MaritalStatus,BusinessTravel,PercentSalaryHike,PercentSalaryHike_L,PerformanceRating","Kappa",73
"147","TotalWorkingYears,MonthlyIncome_L,MonthlyIncome,OverTime,YearsAtCompany,StockOptionLevel,YearsInCurrentRole,JobLevel,YearsWithCurrManager,Age,JobInvolvement,DistanceFromHome_L,DistanceFromHome,WorkLifeBalance,JobSatisfaction,TrainingTimesLastYear,MonthlyRate,MonthlyRate_L,DailyRate,DailyRateLog_L,JobRole,Department,ID,EducationField,Education,BusinessTravel,RelationshipSatisfaction,EmployeeNumber,HourlyRate,HourlyRateLog_L,EnvironmentSatisfaction,YearsSinceLastPromotion,PerformanceRating,MaritalStatus,NumCompaniesWorked,PercentSalaryHike,PercentSalaryHike_L,Gender","Accuracy",74
"148","TotalWorkingYears,MonthlyIncome_L,MonthlyIncome,OverTime,YearsAtCompany,StockOptionLevel,YearsInCurrentRole,JobLevel,YearsWithCurrManager,Age,JobInvolvement,DistanceFromHome_L,DistanceFromHome,JobSatisfaction,WorkLifeBalance,MonthlyRate,TrainingTimesLastYear,MonthlyRate_L,DailyRate,DailyRateLog_L,JobRole,Department,ID,Education,EducationField,BusinessTravel,RelationshipSatisfaction,EmployeeNumber,HourlyRate,HourlyRateLog_L,EnvironmentSatisfaction,YearsSinceLastPromotion,PerformanceRating,MaritalStatus,PercentSalaryHike,PercentSalaryHike_L,NumCompaniesWorked,Gender","Kappa",74
"149","TotalWorkingYears,StockOptionLevel,YearsAtCompany,MonthlyIncome_L,MonthlyIncome,YearsInCurrentRole,OverTime,JobLevel,YearsWithCurrManager,Age,JobInvolvement,JobRole,Department,EducationField,JobSatisfaction,Education,TrainingTimesLastYear,WorkLifeBalance,EnvironmentSatisfaction,ID,BusinessTravel,DistanceFromHome,DistanceFromHome_L,NumCompaniesWorked,HourlyRate,HourlyRateLog_L,YearsSinceLastPromotion,DailyRate,DailyRateLog_L,PerformanceRating,Gender,PercentSalaryHike,PercentSalaryHike_L,MonthlyRate,MonthlyRate_L,MaritalStatus,RelationshipSatisfaction,EmployeeNumber","Accuracy",75
"150","TotalWorkingYears,StockOptionLevel,YearsAtCompany,MonthlyIncome_L,MonthlyIncome,YearsInCurrentRole,OverTime,JobLevel,YearsWithCurrManager,Age,JobInvolvement,Department,JobRole,JobSatisfaction,EducationField,Education,WorkLifeBalance,TrainingTimesLastYear,EnvironmentSatisfaction,BusinessTravel,ID,YearsSinceLastPromotion,DailyRate,DistanceFromHome,DistanceFromHome_L,NumCompaniesWorked,DailyRateLog_L,HourlyRate,HourlyRateLog_L,PerformanceRating,Gender,PercentSalaryHike,PercentSalaryHike_L,RelationshipSatisfaction,MonthlyRate,MonthlyRate_L,MaritalStatus,EmployeeNumber","Kappa",75
"151","OverTime,TotalWorkingYears,MonthlyIncome_L,YearsAtCompany,MonthlyIncome,YearsWithCurrManager,YearsInCurrentRole,StockOptionLevel,JobLevel,JobInvolvement,Age,JobSatisfaction,JobRole,DistanceFromHome_L,DistanceFromHome,HourlyRateLog_L,HourlyRate,EducationField,Department,DailyRate,DailyRateLog_L,ID,EnvironmentSatisfaction,NumCompaniesWorked,TrainingTimesLastYear,MonthlyRate,MonthlyRate_L,Education,WorkLifeBalance,YearsSinceLastPromotion,EmployeeNumber,MaritalStatus,BusinessTravel,RelationshipSatisfaction,PerformanceRating,Gender,PercentSalaryHike,PercentSalaryHike_L","Accuracy",76
"152","OverTime,TotalWorkingYears,YearsAtCompany,MonthlyIncome_L,MonthlyIncome,YearsWithCurrManager,YearsInCurrentRole,StockOptionLevel,JobLevel,JobInvolvement,Age,JobSatisfaction,JobRole,DistanceFromHome_L,DistanceFromHome,HourlyRateLog_L,HourlyRate,EducationField,Department,ID,DailyRate,DailyRateLog_L,NumCompaniesWorked,Education,EnvironmentSatisfaction,TrainingTimesLastYear,MonthlyRate,MonthlyRate_L,WorkLifeBalance,YearsSinceLastPromotion,EmployeeNumber,MaritalStatus,BusinessTravel,PerformanceRating,Gender,RelationshipSatisfaction,PercentSalaryHike,PercentSalaryHike_L","Kappa",76
"153","OverTime,MonthlyIncome_L,MonthlyIncome,StockOptionLevel,TotalWorkingYears,YearsAtCompany","Accuracy",77
"154","OverTime,MonthlyIncome_L,MonthlyIncome,TotalWorkingYears,StockOptionLevel,YearsAtCompany,YearsInCurrentRole,YearsWithCurrManager,Age,JobInvolvement,JobLevel,JobSatisfaction,DistanceFromHome_L,DistanceFromHome,Department","Kappa",77
"155","OverTime,StockOptionLevel,YearsAtCompany,MonthlyIncome_L","Accuracy",78
"156","OverTime,StockOptionLevel,YearsAtCompany,MonthlyIncome_L,MonthlyIncome,YearsInCurrentRole,TotalWorkingYears,JobLevel,YearsWithCurrManager,JobInvolvement,Age,JobSatisfaction,EnvironmentSatisfaction,Department,DistanceFromHome,DistanceFromHome_L,TrainingTimesLastYear,EmployeeNumber,NumCompaniesWorked,WorkLifeBalance,HourlyRate,HourlyRateLog_L,ID,JobRole,RelationshipSatisfaction,EducationField,MonthlyRate,MonthlyRate_L,MaritalStatus,Education,YearsSinceLastPromotion,DailyRate,DailyRateLog_L,Gender,PercentSalaryHike,PercentSalaryHike_L,PerformanceRating,BusinessTravel","Kappa",78
"157","MonthlyIncome,MonthlyIncome_L,OverTime,TotalWorkingYears,YearsInCurrentRole,JobLevel,YearsAtCompany,StockOptionLevel,YearsWithCurrManager,Age,JobInvolvement,JobSatisfaction,RelationshipSatisfaction,Department,ID,Education,EnvironmentSatisfaction,DistanceFromHome,DistanceFromHome_L,MonthlyRate,MonthlyRate_L,NumCompaniesWorked,JobRole,WorkLifeBalance,TrainingTimesLastYear,EducationField,HourlyRate,HourlyRateLog_L,YearsSinceLastPromotion,BusinessTravel,DailyRate,DailyRateLog_L,PercentSalaryHike,PercentSalaryHike_L,MaritalStatus,EmployeeNumber,Gender,PerformanceRating","Accuracy",79
"158","MonthlyIncome_L,MonthlyIncome,OverTime,TotalWorkingYears,JobLevel,YearsInCurrentRole,YearsAtCompany,StockOptionLevel,YearsWithCurrManager,Age,JobInvolvement,JobSatisfaction,RelationshipSatisfaction,Education,Department,ID,EnvironmentSatisfaction,DistanceFromHome,DistanceFromHome_L,MonthlyRate,MonthlyRate_L,NumCompaniesWorked,WorkLifeBalance,EducationField,JobRole,HourlyRate,HourlyRateLog_L,TrainingTimesLastYear,YearsSinceLastPromotion,BusinessTravel,MaritalStatus,PercentSalaryHike,PercentSalaryHike_L,DailyRate,DailyRateLog_L,EmployeeNumber,Gender,PerformanceRating","Kappa",79
"159","OverTime,MonthlyIncome_L,MonthlyIncome,YearsAtCompany,TotalWorkingYears,YearsWithCurrManager,JobLevel,YearsInCurrentRole,StockOptionLevel,Age,JobInvolvement,JobSatisfaction,JobRole,DistanceFromHome_L,DistanceFromHome,EnvironmentSatisfaction,MonthlyRate,Department,MonthlyRate_L,TrainingTimesLastYear,YearsSinceLastPromotion,EducationField,WorkLifeBalance,HourlyRate,HourlyRateLog_L,EmployeeNumber,DailyRate,DailyRateLog_L,ID,BusinessTravel,Gender,Education,RelationshipSatisfaction,NumCompaniesWorked,PercentSalaryHike,PercentSalaryHike_L,MaritalStatus,PerformanceRating","Accuracy",80
"160","OverTime,MonthlyIncome_L,MonthlyIncome,YearsAtCompany,TotalWorkingYears,YearsWithCurrManager,JobLevel,YearsInCurrentRole,StockOptionLevel,Age,JobInvolvement,JobSatisfaction,JobRole,DistanceFromHome_L,DistanceFromHome,EnvironmentSatisfaction,MonthlyRate,MonthlyRate_L,Department,EducationField,YearsSinceLastPromotion,WorkLifeBalance,DailyRate,TrainingTimesLastYear,HourlyRate,DailyRateLog_L,HourlyRateLog_L,EmployeeNumber,BusinessTravel,Gender,Education,ID,RelationshipSatisfaction,PercentSalaryHike,PercentSalaryHike_L,NumCompaniesWorked,MaritalStatus,PerformanceRating","Kappa",80
"161","OverTime,MonthlyIncome_L,MonthlyIncome,JobLevel,TotalWorkingYears,StockOptionLevel,YearsAtCompany,YearsInCurrentRole,YearsWithCurrManager,Age,JobInvolvement,JobSatisfaction,TrainingTimesLastYear,NumCompaniesWorked,DailyRateLog_L,DailyRate,JobRole,Department,EnvironmentSatisfaction,MonthlyRate,MonthlyRate_L,RelationshipSatisfaction,WorkLifeBalance,ID,HourlyRate,HourlyRateLog_L,Education,MaritalStatus,Gender,EmployeeNumber,DistanceFromHome,DistanceFromHome_L,BusinessTravel,EducationField,YearsSinceLastPromotion,PercentSalaryHike,PercentSalaryHike_L,PerformanceRating","Accuracy",81
"162","OverTime,MonthlyIncome_L,MonthlyIncome,JobLevel,TotalWorkingYears,StockOptionLevel,YearsAtCompany,YearsInCurrentRole,YearsWithCurrManager,Age,JobInvolvement,TrainingTimesLastYear,JobSatisfaction,NumCompaniesWorked,JobRole,DailyRateLog_L,DailyRate,Department,EnvironmentSatisfaction,MonthlyRate,MonthlyRate_L,RelationshipSatisfaction,Education,HourlyRate,WorkLifeBalance,MaritalStatus,ID,HourlyRateLog_L,Gender,EmployeeNumber,BusinessTravel,DistanceFromHome,DistanceFromHome_L,EducationField,YearsSinceLastPromotion,PercentSalaryHike,PercentSalaryHike_L,PerformanceRating","Kappa",81
"163","StockOptionLevel,OverTime,TotalWorkingYears,YearsAtCompany","Accuracy",82
"164","StockOptionLevel,OverTime,YearsAtCompany,TotalWorkingYears,MonthlyIncome_L,MonthlyIncome,YearsInCurrentRole,JobInvolvement,JobLevel,YearsWithCurrManager,Age,JobSatisfaction,WorkLifeBalance,DistanceFromHome,TrainingTimesLastYear,DistanceFromHome_L,EnvironmentSatisfaction,NumCompaniesWorked,Department,JobRole,Education,MaritalStatus,HourlyRate,HourlyRateLog_L,BusinessTravel,Gender,MonthlyRate,MonthlyRate_L,DailyRate,DailyRateLog_L,RelationshipSatisfaction,EducationField,ID,PerformanceRating,YearsSinceLastPromotion,EmployeeNumber,PercentSalaryHike,PercentSalaryHike_L","Kappa",82
"165","OverTime,TotalWorkingYears,YearsAtCompany,MonthlyIncome,MonthlyIncome_L,YearsInCurrentRole,YearsWithCurrManager,JobLevel,Age,StockOptionLevel,JobInvolvement,EnvironmentSatisfaction,JobSatisfaction,Department,DistanceFromHome,DistanceFromHome_L,TrainingTimesLastYear,MonthlyRate,MonthlyRate_L,Education,ID,WorkLifeBalance,HourlyRate,HourlyRateLog_L,EducationField,NumCompaniesWorked,DailyRate,DailyRateLog_L,JobRole,EmployeeNumber,YearsSinceLastPromotion,RelationshipSatisfaction,MaritalStatus,PerformanceRating,BusinessTravel,Gender,PercentSalaryHike,PercentSalaryHike_L","Accuracy",83
"166","OverTime,TotalWorkingYears,YearsAtCompany,MonthlyIncome_L,MonthlyIncome,YearsInCurrentRole,YearsWithCurrManager,JobLevel,Age,StockOptionLevel,JobInvolvement,EnvironmentSatisfaction,JobSatisfaction,Department,DistanceFromHome_L,DistanceFromHome,Education","Kappa",83
"167","OverTime,MonthlyIncome_L,MonthlyIncome,TotalWorkingYears,YearsAtCompany,JobLevel,YearsInCurrentRole,YearsWithCurrManager,StockOptionLevel,Age,JobInvolvement,JobSatisfaction,EnvironmentSatisfaction,Department,DistanceFromHome_L,DistanceFromHome,JobRole,EducationField,ID,RelationshipSatisfaction,Education,TrainingTimesLastYear,NumCompaniesWorked,YearsSinceLastPromotion,MonthlyRate,MonthlyRate_L,WorkLifeBalance,DailyRate,DailyRateLog_L,Gender,HourlyRate,HourlyRateLog_L,MaritalStatus,EmployeeNumber,BusinessTravel,PercentSalaryHike,PercentSalaryHike_L,PerformanceRating","Accuracy",84
"168","OverTime,MonthlyIncome_L,MonthlyIncome,TotalWorkingYears,YearsAtCompany,JobLevel,YearsInCurrentRole,YearsWithCurrManager,Age,StockOptionLevel,JobInvolvement,JobSatisfaction,EnvironmentSatisfaction,Department,JobRole,DistanceFromHome_L,DistanceFromHome,EducationField,Education,ID,YearsSinceLastPromotion,RelationshipSatisfaction,NumCompaniesWorked,TrainingTimesLastYear,MonthlyRate,MonthlyRate_L,WorkLifeBalance,DailyRate,DailyRateLog_L,Gender,HourlyRate,HourlyRateLog_L,MaritalStatus,EmployeeNumber,BusinessTravel,PercentSalaryHike,PercentSalaryHike_L,PerformanceRating","Kappa",84
"169","OverTime,TotalWorkingYears,StockOptionLevel,YearsAtCompany,MonthlyIncome_L,MonthlyIncome,JobInvolvement,YearsInCurrentRole,JobLevel,YearsWithCurrManager,Age,JobSatisfaction,Department,DistanceFromHome_L,JobRole,DistanceFromHome,WorkLifeBalance,Education,EnvironmentSatisfaction,TrainingTimesLastYear,EducationField,Gender,MonthlyRate,BusinessTravel,MonthlyRate_L,RelationshipSatisfaction,EmployeeNumber,NumCompaniesWorked,HourlyRate,HourlyRateLog_L,ID,PercentSalaryHike,PercentSalaryHike_L,MaritalStatus,DailyRate,DailyRateLog_L,YearsSinceLastPromotion,PerformanceRating","Accuracy",85
"170","OverTime,TotalWorkingYears,StockOptionLevel,YearsAtCompany,MonthlyIncome_L,MonthlyIncome,YearsInCurrentRole,JobInvolvement,JobLevel,YearsWithCurrManager,Age,JobSatisfaction,Department,Education,WorkLifeBalance,DistanceFromHome_L,DistanceFromHome,JobRole","Kappa",85
"171","TotalWorkingYears,OverTime,YearsAtCompany,MonthlyIncome_L,MonthlyIncome,JobLevel,YearsInCurrentRole,YearsWithCurrManager,Age,StockOptionLevel,JobInvolvement,JobSatisfaction,Department,EnvironmentSatisfaction,JobRole,DistanceFromHome,DistanceFromHome_L,TrainingTimesLastYear,EducationField,WorkLifeBalance,YearsSinceLastPromotion,DailyRate,DailyRateLog_L,ID,NumCompaniesWorked,HourlyRate,MonthlyRate,MonthlyRate_L,HourlyRateLog_L,Education,Gender,EmployeeNumber,BusinessTravel,MaritalStatus,RelationshipSatisfaction,PercentSalaryHike,PercentSalaryHike_L,PerformanceRating","Accuracy",86
"172","TotalWorkingYears,OverTime,YearsAtCompany,MonthlyIncome,MonthlyIncome_L,JobLevel,YearsInCurrentRole,YearsWithCurrManager,Age,StockOptionLevel,JobInvolvement,JobSatisfaction,Department,EnvironmentSatisfaction,DistanceFromHome_L,DistanceFromHome,JobRole,WorkLifeBalance,EducationField,TrainingTimesLastYear,DailyRate,YearsSinceLastPromotion,DailyRateLog_L,NumCompaniesWorked,ID,MonthlyRate,MonthlyRate_L,HourlyRate,HourlyRateLog_L,Education,Gender,EmployeeNumber,BusinessTravel,MaritalStatus,RelationshipSatisfaction,PercentSalaryHike,PercentSalaryHike_L,PerformanceRating","Kappa",86
"173","TotalWorkingYears,YearsAtCompany,OverTime,MonthlyIncome_L,MonthlyIncome,StockOptionLevel,YearsInCurrentRole,JobLevel,YearsWithCurrManager,Age,JobInvolvement,JobSatisfaction,TrainingTimesLastYear,EducationField,Department,DistanceFromHome_L,DistanceFromHome,EnvironmentSatisfaction,WorkLifeBalance,JobRole,YearsSinceLastPromotion,Education,HourlyRate,HourlyRateLog_L,NumCompaniesWorked,ID,MaritalStatus,BusinessTravel,DailyRate,DailyRateLog_L,RelationshipSatisfaction,EmployeeNumber,PercentSalaryHike,PercentSalaryHike_L,Gender,MonthlyRate,MonthlyRate_L,PerformanceRating","Accuracy",87
"174","TotalWorkingYears,OverTime,YearsAtCompany,MonthlyIncome_L,MonthlyIncome,StockOptionLevel,YearsInCurrentRole,JobLevel,YearsWithCurrManager,Age,JobInvolvement,JobSatisfaction,TrainingTimesLastYear,EducationField,Department,DistanceFromHome_L,DistanceFromHome,EnvironmentSatisfaction","Kappa",87
"175","OverTime,TotalWorkingYears,YearsAtCompany,MonthlyIncome_L,MonthlyIncome,YearsInCurrentRole,Age,StockOptionLevel,JobLevel,YearsWithCurrManager,JobInvolvement,Department,JobSatisfaction,ID,EnvironmentSatisfaction,TrainingTimesLastYear,DistanceFromHome,DistanceFromHome_L","Accuracy",88
"176","OverTime,TotalWorkingYears,YearsAtCompany,MonthlyIncome_L,MonthlyIncome,YearsInCurrentRole,Age,StockOptionLevel,JobLevel,YearsWithCurrManager,JobInvolvement,Department,JobSatisfaction,ID,EnvironmentSatisfaction,DistanceFromHome","Kappa",88
"177","OverTime,TotalWorkingYears,MonthlyIncome_L","Accuracy",89
"178","OverTime,MonthlyIncome_L,MonthlyIncome,TotalWorkingYears,YearsAtCompany,StockOptionLevel,JobLevel,YearsInCurrentRole,YearsWithCurrManager,Age,JobInvolvement,JobSatisfaction,EnvironmentSatisfaction,JobRole,DistanceFromHome_L,DistanceFromHome,MonthlyRate_L,MonthlyRate,Department,EducationField,HourlyRate,HourlyRateLog_L,WorkLifeBalance,RelationshipSatisfaction,ID,Education,TrainingTimesLastYear,NumCompaniesWorked,DailyRate,DailyRateLog_L,YearsSinceLastPromotion,PercentSalaryHike,PercentSalaryHike_L,Gender,EmployeeNumber,PerformanceRating,BusinessTravel,MaritalStatus","Kappa",89
"179","OverTime,TotalWorkingYears,StockOptionLevel,MonthlyIncome,MonthlyIncome_L,YearsAtCompany,JobLevel,Age,YearsInCurrentRole,YearsWithCurrManager,JobInvolvement,JobSatisfaction,Department,DistanceFromHome_L,DistanceFromHome,EnvironmentSatisfaction,EducationField,MonthlyRate,MonthlyRate_L,WorkLifeBalance,JobRole,Education,HourlyRate,HourlyRateLog_L,EmployeeNumber,TrainingTimesLastYear,NumCompaniesWorked,Gender,ID,YearsSinceLastPromotion,DailyRate,DailyRateLog_L,PerformanceRating,RelationshipSatisfaction,PercentSalaryHike,PercentSalaryHike_L,MaritalStatus,BusinessTravel","Accuracy",90
"180","OverTime,TotalWorkingYears,StockOptionLevel,MonthlyIncome_L,MonthlyIncome,YearsAtCompany,JobLevel,Age,YearsInCurrentRole,YearsWithCurrManager,JobInvolvement,JobSatisfaction,Department,DistanceFromHome_L,DistanceFromHome,EducationField,EnvironmentSatisfaction,WorkLifeBalance,MonthlyRate_L,MonthlyRate,JobRole,Education,HourlyRate,HourlyRateLog_L,EmployeeNumber,TrainingTimesLastYear,NumCompaniesWorked,Gender,ID,YearsSinceLastPromotion,PerformanceRating,DailyRate,DailyRateLog_L,RelationshipSatisfaction,PercentSalaryHike,PercentSalaryHike_L,MaritalStatus,BusinessTravel","Kappa",90
"181","OverTime,MonthlyIncome_L,MonthlyIncome,Age","Accuracy",91
"182","OverTime,MonthlyIncome_L,MonthlyIncome,Age,TotalWorkingYears,YearsInCurrentRole,StockOptionLevel,YearsAtCompany,JobLevel,YearsWithCurrManager,JobInvolvement,JobSatisfaction,EnvironmentSatisfaction,TrainingTimesLastYear,DistanceFromHome_L,DistanceFromHome,Department,ID,JobRole,WorkLifeBalance,EducationField,HourlyRate,HourlyRateLog_L,Education,RelationshipSatisfaction,NumCompaniesWorked,YearsSinceLastPromotion,MaritalStatus,EmployeeNumber,BusinessTravel,PercentSalaryHike,PercentSalaryHike_L,DailyRate,DailyRateLog_L,MonthlyRate,MonthlyRate_L,Gender,PerformanceRating","Kappa",91
"183","TotalWorkingYears,MonthlyIncome_L,MonthlyIncome,OverTime,YearsAtCompany,JobLevel,YearsWithCurrManager,StockOptionLevel,YearsInCurrentRole,Age,JobInvolvement,JobSatisfaction,WorkLifeBalance,DistanceFromHome,DistanceFromHome_L,ID,Department,JobRole,TrainingTimesLastYear,Education,EnvironmentSatisfaction,EducationField,RelationshipSatisfaction,YearsSinceLastPromotion,MonthlyRate,DailyRate,DailyRateLog_L,Gender,MonthlyRate_L,EmployeeNumber,NumCompaniesWorked,HourlyRate,HourlyRateLog_L,MaritalStatus,BusinessTravel,PercentSalaryHike,PercentSalaryHike_L,PerformanceRating","Accuracy",92
"184","MonthlyIncome_L,TotalWorkingYears,MonthlyIncome,OverTime,YearsAtCompany,JobLevel,YearsWithCurrManager,StockOptionLevel,YearsInCurrentRole,Age,JobInvolvement,JobSatisfaction,WorkLifeBalance,DistanceFromHome_L,DistanceFromHome,ID,JobRole,Department,TrainingTimesLastYear,EnvironmentSatisfaction,EducationField,Education,RelationshipSatisfaction,YearsSinceLastPromotion,DailyRate,DailyRateLog_L,Gender,EmployeeNumber,MonthlyRate,MonthlyRate_L,NumCompaniesWorked,HourlyRate,HourlyRateLog_L,MaritalStatus,PercentSalaryHike,PercentSalaryHike_L,BusinessTravel,PerformanceRating","Kappa",92
"185","OverTime,TotalWorkingYears,MonthlyIncome_L","Accuracy",93
"186","OverTime,TotalWorkingYears,MonthlyIncome_L,MonthlyIncome,JobLevel,YearsAtCompany,StockOptionLevel,YearsInCurrentRole,Age,YearsWithCurrManager,JobInvolvement,JobSatisfaction,WorkLifeBalance,JobRole,Department,EnvironmentSatisfaction,Education,NumCompaniesWorked,DistanceFromHome,DistanceFromHome_L,TrainingTimesLastYear,EducationField,PercentSalaryHike,PercentSalaryHike_L,DailyRate,DailyRateLog_L,MonthlyRate,HourlyRate,HourlyRateLog_L,ID,MonthlyRate_L,EmployeeNumber,YearsSinceLastPromotion,MaritalStatus,Gender,PerformanceRating,BusinessTravel,RelationshipSatisfaction","Kappa",93
"187","TotalWorkingYears,MonthlyIncome_L,MonthlyIncome,OverTime,JobLevel,YearsAtCompany,YearsInCurrentRole,Age,StockOptionLevel,YearsWithCurrManager,JobInvolvement,JobSatisfaction,JobRole,EducationField,ID,EnvironmentSatisfaction,Department,MonthlyRate,MonthlyRate_L,WorkLifeBalance,Education,DistanceFromHome,DistanceFromHome_L,TrainingTimesLastYear,YearsSinceLastPromotion,NumCompaniesWorked,EmployeeNumber,Gender,RelationshipSatisfaction,HourlyRate,HourlyRateLog_L,DailyRate,DailyRateLog_L,MaritalStatus,BusinessTravel,PerformanceRating,PercentSalaryHike,PercentSalaryHike_L","Accuracy",94
"188","TotalWorkingYears,OverTime,MonthlyIncome,MonthlyIncome_L,JobLevel,YearsAtCompany,YearsInCurrentRole,Age,StockOptionLevel,YearsWithCurrManager,JobInvolvement,JobRole,JobSatisfaction,EducationField,ID,EnvironmentSatisfaction,MonthlyRate,MonthlyRate_L,Department,WorkLifeBalance,Education,YearsSinceLastPromotion,DistanceFromHome,DistanceFromHome_L,EmployeeNumber,TrainingTimesLastYear,NumCompaniesWorked,Gender,RelationshipSatisfaction,HourlyRate,HourlyRateLog_L,MaritalStatus,DailyRate,DailyRateLog_L,BusinessTravel,PercentSalaryHike,PercentSalaryHike_L,PerformanceRating","Kappa",94
"189","OverTime,MonthlyIncome_L,MonthlyIncome,YearsAtCompany,TotalWorkingYears,YearsInCurrentRole,YearsWithCurrManager,StockOptionLevel,JobLevel,Age,JobInvolvement,JobSatisfaction,Department,DistanceFromHome_L,DistanceFromHome,NumCompaniesWorked,EnvironmentSatisfaction,Gender,WorkLifeBalance,JobRole,HourlyRate,HourlyRateLog_L,EducationField,YearsSinceLastPromotion,MonthlyRate,MonthlyRate_L,TrainingTimesLastYear,BusinessTravel,DailyRate,DailyRateLog_L,ID,Education,MaritalStatus,PerformanceRating,EmployeeNumber,PercentSalaryHike,PercentSalaryHike_L,RelationshipSatisfaction","Accuracy",95
"190","OverTime,MonthlyIncome_L,MonthlyIncome,YearsAtCompany,TotalWorkingYears,YearsInCurrentRole,YearsWithCurrManager,StockOptionLevel,JobLevel,Age,JobInvolvement,JobSatisfaction,Department,DistanceFromHome_L,DistanceFromHome,NumCompaniesWorked,Gender,EnvironmentSatisfaction,WorkLifeBalance,JobRole,HourlyRate,EducationField,YearsSinceLastPromotion,HourlyRateLog_L,MonthlyRate,MonthlyRate_L,BusinessTravel,TrainingTimesLastYear,DailyRate,DailyRateLog_L,ID,Education,MaritalStatus,PerformanceRating,RelationshipSatisfaction,PercentSalaryHike,PercentSalaryHike_L,EmployeeNumber","Kappa",95
"191","MonthlyIncome_L,MonthlyIncome,TotalWorkingYears,OverTime,JobLevel,YearsAtCompany,YearsInCurrentRole,YearsWithCurrManager,JobInvolvement,StockOptionLevel,Age,JobSatisfaction,EnvironmentSatisfaction,NumCompaniesWorked,Department,DistanceFromHome_L,DistanceFromHome,JobRole,EmployeeNumber,RelationshipSatisfaction,MonthlyRate,MonthlyRate_L,Education,DailyRate,DailyRateLog_L,ID,EducationField,WorkLifeBalance,TrainingTimesLastYear,YearsSinceLastPromotion,Gender,MaritalStatus,PerformanceRating,PercentSalaryHike,PercentSalaryHike_L,HourlyRate,HourlyRateLog_L,BusinessTravel","Accuracy",96
"192","MonthlyIncome_L,MonthlyIncome,TotalWorkingYears,OverTime,JobLevel,YearsAtCompany,YearsInCurrentRole,YearsWithCurrManager,JobInvolvement,StockOptionLevel,Age,JobSatisfaction,EnvironmentSatisfaction","Kappa",96
"193","TotalWorkingYears,OverTime,MonthlyIncome_L,MonthlyIncome,YearsAtCompany,JobLevel,StockOptionLevel,YearsInCurrentRole,YearsWithCurrManager,Age,JobInvolvement,EnvironmentSatisfaction,JobSatisfaction,Department,DistanceFromHome_L,DistanceFromHome,ID,JobRole,TrainingTimesLastYear,DailyRate,DailyRateLog_L,WorkLifeBalance,EducationField,Education,MonthlyRate,MonthlyRate_L,RelationshipSatisfaction,YearsSinceLastPromotion,HourlyRate,HourlyRateLog_L,EmployeeNumber,BusinessTravel,NumCompaniesWorked,MaritalStatus,Gender,PercentSalaryHike,PercentSalaryHike_L,PerformanceRating","Accuracy",97
"194","TotalWorkingYears,OverTime,MonthlyIncome_L,MonthlyIncome,YearsAtCompany,JobLevel,StockOptionLevel,YearsInCurrentRole,YearsWithCurrManager,Age,JobInvolvement,EnvironmentSatisfaction,JobSatisfaction,Department,DistanceFromHome_L,DistanceFromHome,ID,TrainingTimesLastYear,JobRole,DailyRate,EducationField,DailyRateLog_L,WorkLifeBalance,Education,MonthlyRate,MonthlyRate_L,RelationshipSatisfaction,YearsSinceLastPromotion,HourlyRate,HourlyRateLog_L,BusinessTravel,EmployeeNumber,NumCompaniesWorked,MaritalStatus,Gender,PerformanceRating,PercentSalaryHike,PercentSalaryHike_L","Kappa",97
"195","MonthlyIncome_L,MonthlyIncome,OverTime,YearsInCurrentRole,JobLevel,YearsAtCompany,TotalWorkingYears,YearsWithCurrManager,Age,StockOptionLevel,JobInvolvement,JobSatisfaction,DistanceFromHome_L,DistanceFromHome,DailyRateLog_L,DailyRate,JobRole,Department,Education,MonthlyRate,EducationField,MonthlyRate_L,EnvironmentSatisfaction,TrainingTimesLastYear,RelationshipSatisfaction,WorkLifeBalance,ID,NumCompaniesWorked,YearsSinceLastPromotion,PercentSalaryHike,PercentSalaryHike_L,MaritalStatus,BusinessTravel,PerformanceRating,HourlyRate,HourlyRateLog_L,EmployeeNumber,Gender","Accuracy",98
"196","MonthlyIncome_L,MonthlyIncome,OverTime,YearsInCurrentRole,JobLevel,YearsAtCompany,TotalWorkingYears,YearsWithCurrManager,Age,StockOptionLevel,JobInvolvement,JobSatisfaction","Kappa",98
"197","TotalWorkingYears,MonthlyIncome_L,MonthlyIncome,OverTime,YearsAtCompany,JobLevel,YearsInCurrentRole,YearsWithCurrManager,JobInvolvement,StockOptionLevel,Age,NumCompaniesWorked,DistanceFromHome_L,DistanceFromHome,JobSatisfaction,EnvironmentSatisfaction,Department,JobRole,DailyRate,DailyRateLog_L,Education,WorkLifeBalance,TrainingTimesLastYear,MaritalStatus,BusinessTravel,MonthlyRate,MonthlyRate_L,EmployeeNumber,EducationField,YearsSinceLastPromotion,ID,HourlyRate,HourlyRateLog_L,PercentSalaryHike,PercentSalaryHike_L,RelationshipSatisfaction,Gender,PerformanceRating","Accuracy",99
"198","TotalWorkingYears,MonthlyIncome_L,MonthlyIncome,OverTime,YearsAtCompany,JobLevel,YearsInCurrentRole,YearsWithCurrManager,JobInvolvement,StockOptionLevel,Age,NumCompaniesWorked,DistanceFromHome_L,DistanceFromHome,JobSatisfaction,EnvironmentSatisfaction,Department,JobRole,Education,DailyRate,DailyRateLog_L,MonthlyRate,EmployeeNumber,WorkLifeBalance,TrainingTimesLastYear,MonthlyRate_L,BusinessTravel,MaritalStatus,EducationField,YearsSinceLastPromotion,ID,HourlyRate,HourlyRateLog_L,Gender,PerformanceRating,RelationshipSatisfaction,PercentSalaryHike,PercentSalaryHike_L","Kappa",99
"199","OverTime,MonthlyIncome_L,MonthlyIncome,TotalWorkingYears,StockOptionLevel,YearsAtCompany,JobLevel,JobInvolvement,YearsInCurrentRole,Age,YearsWithCurrManager,JobSatisfaction,Department,DistanceFromHome_L,DistanceFromHome,Education,EnvironmentSatisfaction,EducationField,WorkLifeBalance,HourlyRate,ID,HourlyRateLog_L,TrainingTimesLastYear,DailyRate,DailyRateLog_L,MonthlyRate,MonthlyRate_L,NumCompaniesWorked,Gender,BusinessTravel,YearsSinceLastPromotion,RelationshipSatisfaction,JobRole,PerformanceRating,MaritalStatus,PercentSalaryHike,PercentSalaryHike_L,EmployeeNumber","Accuracy",100
"200","OverTime,MonthlyIncome_L,MonthlyIncome,TotalWorkingYears,StockOptionLevel,YearsAtCompany,JobLevel,JobInvolvement,YearsInCurrentRole,Age,YearsWithCurrManager,JobSatisfaction,Department,DistanceFromHome_L,DistanceFromHome,Education,WorkLifeBalance","Kappa",100
